Date,SPY,^KS11,^STOXX50E
2023-08-08,432.3250732421875,2573.97998046875,4288.85009765625
2023-08-09,429.4349670410156,2605.1201171875,4317.330078125
2023-08-10,429.589111328125,2601.56005859375,4384.0400390625
2023-08-11,429.338623046875,2591.260009765625,4321.330078125
2023-08-14,431.70855712890625,2570.8701171875,4330.22998046875
2023-08-15,426.6795654296875,2570.8701171875,4288.56982421875
2023-08-16,423.5485534667969,2525.639892578125,4284.27001953125
2023-08-17,420.3211669921875,2519.85009765625,4227.830078125
2023-08-18,420.5235290527344,2504.5,4212.9501953125
2023-08-21,423.2594909667969,2508.800048828125,4224.8701171875
2023-08-22,422.1130676269531,2515.739990234375,4260.3701171875
2023-08-23,426.81451416015625,2505.5,4266.669921875
2023-08-24,420.89923095703125,2537.679931640625,4232.22021484375
2023-08-25,423.86651611328125,2519.139892578125,4236.25
2023-08-28,426.5544128417969,2543.409912109375,4293.68994140625
2023-08-29,432.7200927734375,2552.159912109375,4326.47021484375
2023-08-30,434.5024108886719,2561.219970703125,4315.31005859375
2023-08-31,433.8665466308594,2556.27001953125,4297.10986328125
2023-09-01,434.6758117675781,2563.7099609375,4282.64013671875
2023-09-04,434.6758117675781,2584.550048828125,4279.8701171875
2023-09-05,432.7972106933594,2582.179931640625,4269.16015625
2023-09-06,429.88775634765625,2563.340087890625,4238.259765625
2023-09-07,428.56787109375,2548.260009765625,4221.02001953125
2023-09-08,429.2132873535156,2547.679931640625,4237.18994140625
2023-09-11,432.0361633300781,2556.8798828125,4254.330078125
2023-09-12,429.6661682128906,2536.580078125,4242.27001953125
2023-09-13,430.1671142578125,2534.699951171875,4223.47998046875
2023-09-14,433.876220703125,2572.889892578125,4279.75
2023-09-15,428.6487121582031,2601.280029296875,4295.0498046875
2023-09-18,428.9000549316406,2574.719970703125,4245.8798828125
2023-09-19,428.0106201171875,2559.2099609375,4242.7001953125
2023-09-20,424.07574462890625,2559.739990234375,4275.97998046875
2023-09-21,417.0665588378906,2514.969970703125,4212.58984375
2023-09-22,416.1286315917969,2508.1298828125,4207.16015625
2023-09-25,417.87860107421875,2495.760009765625,4167.3701171875
2023-09-26,411.73944091796875,2462.969970703125,4129.18017578125
2023-09-27,411.9037780761719,2465.070068359375,4131.68017578125
2023-09-28,414.2917785644531,2465.070068359375,4161.56005859375
2023-09-29,413.2863464355469,2465.070068359375,4174.66015625
2023-10-02,413.1219482421875,2465.070068359375,4137.6298828125
2023-10-03,407.5918884277344,2465.070068359375,4095.590087890625
2023-10-04,410.55999755859375,2405.68994140625,4099.85009765625
2023-10-05,410.4052429199219,2403.60009765625,4099.81005859375
2023-10-06,415.2779235839844,2408.72998046875,4144.43017578125
2023-10-09,417.9366149902344,2408.72998046875,4112.56982421875
2023-10-10,420.1119079589844,2402.580078125,4205.22998046875
2023-10-11,421.83282470703125,2450.080078125,4200.7998046875
2023-10-12,419.2610778808594,2479.820068359375,4198.22998046875
2023-10-13,417.1728515625,2456.14990234375,4136.1201171875
2023-10-16,421.56207275390625,2436.239990234375,4149.85986328125
2023-10-17,421.542724609375,2460.169921875,4152.31982421875
2023-10-18,415.9256591796875,2462.60009765625,4105.85986328125
2023-10-19,412.27117919921875,2415.800048828125,4090.330078125
2023-10-20,407.2051696777344,2375.0,4024.679931640625
2023-10-23,406.4993591308594,2357.02001953125,4041.75
2023-10-24,409.5641784667969,2383.510009765625,4065.3701171875
2023-10-25,403.68603515625,2363.169921875,4073.35009765625
2023-10-26,398.85205078125,2299.080078125,4049.39990234375
2023-10-27,397.044189453125,2302.81005859375,4014.360107421875
2023-10-30,401.79107666015625,2310.550048828125,4028.320068359375
2023-10-31,404.314453125,2277.989990234375,4061.1201171875
2023-11-01,408.6263427734375,2301.56005859375,4091.7099609375
2023-11-02,416.45745849609375,2343.1201171875,4169.6201171875
2023-11-03,420.2569580078125,2368.340087890625,4174.669921875
2023-11-06,421.2237243652344,2502.3701171875,4158.64013671875
2023-11-07,422.4225769042969,2443.9599609375,4153.3701171875
2023-11-08,422.73193359375,2421.6201171875,4178.490234375
2023-11-09,419.43511962890625,2427.080078125,4229.2001953125
2023-11-10,425.9803771972656,2409.659912109375,4197.35986328125
2023-11-13,425.5743103027344,2403.760009765625,4232.18994140625
2023-11-14,433.83074951171875,2433.25,4291.72021484375
2023-11-15,434.7491760253906,2486.669921875,4315.52978515625
2023-11-16,435.28094482421875,2488.179931640625,4302.4501953125
2023-11-17,435.8223571777344,2469.85009765625,4340.77001953125
2023-11-20,439.1771240234375,2491.199951171875,4342.41015625
2023-11-21,438.219970703125,2510.419921875,4331.89990234375
2023-11-22,439.9118957519531,2511.699951171875,4352.02001953125
2023-11-23,439.9118957519531,2514.9599609375,4361.31982421875
2023-11-24,440.1825866699219,2496.6298828125,4372.10009765625
2023-11-27,439.38983154296875,2495.659912109375,4354.41015625
2023-11-28,439.8248596191406,2521.760009765625,4348.02001953125
2023-11-29,439.51556396484375,2519.81005859375,4370.52978515625
2023-11-30,441.24603271484375,2535.2900390625,4382.47021484375
2023-12-01,443.8564758300781,2505.010009765625,4418.509765625
2023-12-04,441.5264587402344,2514.949951171875,4414.9501953125
2023-12-05,441.43951416015625,2494.280029296875,4452.77001953125
2023-12-06,439.6604919433594,2495.3798828125,4483.259765625
2023-12-07,443.01531982421875,2492.070068359375,4473.77001953125
2023-12-08,444.919921875,2517.85009765625,4523.31005859375
2023-12-11,446.6504821777344,2525.360107421875,4540.18994140625
2023-12-12,448.6904296875,2535.27001953125,4536.60986328125
2023-12-13,454.87786865234375,2510.659912109375,4530.18994140625
2023-12-14,456.3377380371094,2544.179931640625,4539.16015625
2023-12-15,455.5864562988281,2563.56005859375,4549.43994140625
2023-12-18,458.1491394042969,2566.860107421875,4521.1298828125
2023-12-19,460.93511962890625,2568.550048828125,4535.39990234375
2023-12-20,454.5477600097656,2614.300048828125,4533.81982421875
2023-12-21,458.8577880859375,2600.02001953125,4524.85986328125
2023-12-22,459.7799377441406,2599.510009765625,4521.47021484375
2023-12-26,461.7213439941406,2602.590087890625,4521.47021484375
2023-12-27,462.55621337890625,2613.5,4528.3798828125
2023-12-28,462.73089599609375,2655.280029296875,4514.3798828125
2023-12-29,461.3913269042969,2655.280029296875,4521.64990234375
2024-01-02,458.8092041015625,2669.81005859375,4521.64990234375
2024-01-03,455.062255859375,2607.31005859375,4448.1298828125
2024-01-04,453.59649658203125,2587.02001953125,4474.009765625
2024-01-05,454.2177429199219,2578.080078125,4463.509765625
2024-01-08,460.7021179199219,2567.820068359375,4485.47998046875
2024-01-09,460.003173828125,2561.239990234375,4467.169921875
2024-01-10,462.604736328125,2541.97998046875,4468.97998046875
2024-01-11,462.4008483886719,2540.27001953125,4442.27978515625
2024-01-12,462.72119140625,2525.050048828125,4480.02001953125
2024-01-15,462.72119140625,2525.989990234375,4454.68017578125
2024-01-16,461.02239990234375,2497.590087890625,4446.509765625
2024-01-17,458.45977783203125,2435.89990234375,4403.080078125
2024-01-18,462.5367736816406,2440.0400390625,4453.0498046875
2024-01-19,468.30279541015625,2472.739990234375,4448.830078125
2024-01-22,469.2929992675781,2464.35009765625,4480.31982421875
2024-01-23,470.66162109375,2478.610107421875,4465.91015625
2024-01-24,471.1761779785156,2469.68994140625,4564.10986328125
2024-01-25,473.73883056640625,2470.340087890625,4582.259765625
2024-01-26,473.1369934082031,2478.56005859375,4635.47021484375
2024-01-29,476.88397216796875,2500.64990234375,4639.35986328125
2024-01-30,476.51507568359375,2498.81005859375,4662.7001953125
2024-01-31,468.7396545410156,2497.090087890625,4648.39990234375
2024-02-01,474.87457275390625,2542.4599609375,4638.60009765625
2024-02-02,479.87371826171875,2615.31005859375,4654.5498046875
2024-02-05,478.12646484375,2591.31005859375,4655.27001953125
2024-02-06,479.5146484375,2576.199951171875,4690.8701171875
2024-02-07,483.51397705078125,2609.580078125,4678.85009765625
2024-02-08,483.7275390625,2620.320068359375,4710.77978515625
2024-02-09,486.52313232421875,2620.320068359375,4715.8701171875
2024-02-12,486.30963134765625,2620.320068359375,4746.35009765625
2024-02-13,479.61163330078125,2649.639892578125,4689.27978515625
2024-02-14,483.9701843261719,2620.419921875,4709.22021484375
2024-02-15,487.3094177246094,2613.800048828125,4743.169921875
2024-02-16,484.8826599121094,2648.760009765625,4765.64990234375
2024-02-19,484.8826599121094,2680.260009765625,4763.06982421875
2024-02-20,482.21319580078125,2657.7900390625,4760.27978515625
2024-02-21,482.64996337890625,2653.31005859375,4775.31005859375
2024-02-22,492.638671875,2664.27001953125,4855.35986328125
2024-02-23,492.9784851074219,2667.699951171875,4872.56982421875
2024-02-26,491.1728820800781,2647.080078125,4864.2900390625
2024-02-27,492.08538818359375,2625.050048828125,4885.740234375
2024-02-28,491.4350280761719,2652.2900390625,4883.77001953125
2024-02-29,493.20172119140625,2642.360107421875,4877.77001953125
2024-03-01,497.8320007324219,2642.360107421875,4894.85986328125
2024-03-04,497.29815673828125,2674.27001953125,4912.919921875
2024-03-05,492.32806396484375,2649.39990234375,4893.06982421875
2024-03-06,494.8227844238281,2641.489990234375,4915.490234375
2024-03-07,499.7346496582031,2647.6201171875,4974.22021484375
2024-03-08,496.73504638671875,2680.35009765625,4961.10986328125
2024-03-11,496.3079528808594,2659.840087890625,4930.419921875
2024-03-12,501.6469421386719,2681.81005859375,4983.2001953125
2024-03-13,500.86065673828125,2693.570068359375,5000.5498046875
2024-03-14,499.8705139160156,2718.760009765625,4993.1201171875
2024-03-15,496.4381408691406,2666.840087890625,4986.02001953125
2024-03-18,499.38848876953125,2685.840087890625,4982.759765625
2024-03-19,502.1636657714844,2656.169921875,5007.919921875
2024-03-20,506.8084411621094,2690.139892578125,5000.31005859375
2024-03-21,508.48321533203125,2754.860107421875,5052.31005859375
2024-03-22,507.5191650390625,2748.56005859375,5031.14990234375
2024-03-25,506.1170654296875,2737.570068359375,5044.18994140625
2024-03-26,505.1822814941406,2757.090087890625,5064.18017578125
2024-03-27,509.4277038574219,2755.110107421875,5081.740234375
2024-03-28,509.3303527832031,2745.820068359375,5083.419921875
2024-03-29,509.3303527832031,2746.6298828125,5083.419921875
2024-04-01,508.44427490234375,2747.860107421875,5083.419921875
2024-04-02,505.21160888671875,2753.159912109375,5042.0
2024-04-03,505.7664489746094,2706.969970703125,5069.25
2024-04-04,499.59307861328125,2742.0,5070.759765625
2024-04-05,504.8121643066406,2714.2099609375,5014.75
2024-04-08,505.09454345703125,2717.64990234375,5046.0498046875
2024-04-09,505.67877197265625,2705.159912109375,4990.89990234375
2024-04-10,500.61541748046875,2705.159912109375,5000.830078125
2024-04-11,504.3935241699219,2706.9599609375,4966.68017578125
2024-04-12,497.4313659667969,2681.820068359375,4955.009765625
2024-04-15,491.1994934082031,2670.429931640625,4984.47998046875
2024-04-16,490.3035888671875,2609.6298828125,4916.990234375
2024-04-17,487.4018859863281,2584.179931640625,4914.1298828125
2024-04-18,486.3989562988281,2634.699951171875,4936.56982421875
2024-04-19,482.15350341796875,2591.860107421875,4918.08984375
2024-04-22,486.59368896484375,2629.43994140625,4936.85009765625
2024-04-23,492.3679504394531,2623.02001953125,5008.169921875
2024-04-24,492.13421630859375,2675.75,4989.8798828125
2024-04-25,490.2646789550781,2628.6201171875,4939.009765625
2024-04-26,494.90936279296875,2656.330078125,5006.85009765625
2024-04-29,496.662109375,2687.43994140625,4981.08984375
2024-04-30,488.7943420410156,2692.06005859375,4921.22021484375
2024-05-01,487.2071838378906,2692.06005859375,4921.22021484375
2024-05-02,491.76422119140625,2683.64990234375,4890.60986328125
2024-05-03,497.8597106933594,2676.6298828125,4921.47998046875
2024-05-06,503.0010986328125,2676.6298828125,4956.9599609375
2024-05-07,503.55609130859375,2734.360107421875,5016.10009765625
2024-05-08,503.6047668457031,2745.050048828125,5038.169921875
2024-05-09,506.50653076171875,2712.139892578125,5038.169921875
2024-05-10,507.158935546875,2727.6298828125,5085.080078125
2024-05-13,507.2270202636719,2727.2099609375,5078.9599609375
2024-05-14,509.5542907714844,2730.340087890625,5080.2900390625
2024-05-15,515.8641357421875,2730.340087890625,5100.89990234375
2024-05-16,514.8026733398438,2753.0,5072.4501953125
2024-05-17,515.542724609375,2724.6201171875,5064.14013671875
2024-05-20,516.13671875,2742.139892578125,5064.14013671875
2024-05-21,517.4025268554688,2724.179931640625,5046.990234375
2024-05-22,515.9127807617188,2723.4599609375,5025.169921875
2024-05-23,512.1444702148438,2721.81005859375,5037.60009765625
2024-05-24,515.5330810546875,2687.60009765625,5035.41015625
2024-05-27,515.5330810546875,2722.989990234375,5059.2001953125
2024-05-28,515.8932495117188,2722.85009765625,5030.35009765625
2024-05-29,512.2807006835938,2677.300048828125,4963.2001953125
2024-05-30,508.8824768066406,2635.43994140625,4982.18017578125
2024-05-31,513.5174560546875,2636.52001953125,4983.669921875
2024-06-03,513.93603515625,2682.52001953125,5003.5400390625
2024-06-04,514.5106811523438,2662.10009765625,4953.3701171875
2024-06-05,520.6256713867188,2689.5,5035.66015625
2024-06-06,520.6158447265625,2689.5,5069.08984375
2024-06-07,519.98291015625,2722.669921875,5051.31005859375
2024-06-10,521.5896606445312,2701.169921875,5016.47998046875
2024-06-11,522.8458251953125,2705.320068359375,4965.08984375
2024-06-12,527.1398315429688,2728.169921875,5034.43017578125
2024-06-13,528.2012939453125,2754.889892578125,4935.5
2024-06-14,528.5226440429688,2758.419921875,4839.14013671875
2024-06-17,532.7291259765625,2744.10009765625,4880.419921875
2024-06-18,534.0826416015625,2763.919921875,4915.47021484375
2024-06-19,534.0826416015625,2797.330078125,4885.4501953125
2024-06-20,532.6317138671875,2807.6298828125,4947.72998046875
2024-06-21,531.917724609375,2784.260009765625,4907.2998046875
2024-06-24,530.1885986328125,2764.72998046875,4950.97998046875
2024-06-25,532.2302856445312,2774.389892578125,4935.97021484375
2024-06-26,532.8945922851562,2792.050048828125,4915.93994140625
2024-06-27,533.734619140625,2784.06005859375,4902.60009765625
2024-06-28,531.6344604492188,2797.820068359375,4894.02001953125
2024-07-01,532.7285766601562,2804.31005859375,4929.990234375
2024-07-02,536.3136596679688,2780.860107421875,4906.330078125
2024-07-03,538.7069091796875,2794.010009765625,4965.7998046875
2024-07-04,538.7069091796875,2824.93994140625,4987.47998046875
2024-07-05,541.8134155273438,2862.22998046875,4979.39013671875
2024-07-08,542.4386596679688,2857.760009765625,4969.830078125
2024-07-09,542.9661254882812,2867.3798828125,4903.6201171875
2024-07-10,548.3389892578125,2867.989990234375,4958.85986328125
2024-07-11,543.61083984375,2891.35009765625,4976.1298828125
2024-07-12,547.0397338867188,2857.0,5043.02001953125
2024-07-15,548.5440673828125,2860.919921875,4983.10986328125
2024-07-16,551.7969970703125,2866.090087890625,4947.830078125
2024-07-17,544.0602416992188,2843.2900390625,4891.4599609375
2024-07-18,539.8792114257812,2824.35009765625,4870.1201171875
2024-07-19,536.2941284179688,2795.4599609375,4827.240234375
2024-07-22,541.8231811523438,2763.510009765625,4897.43994140625
2024-07-23,540.9733276367188,2774.2900390625,4916.7998046875
2024-07-24,528.7135620117188,2758.7099609375,4861.8701171875
2024-07-25,525.958740234375,2710.64990234375,4811.27978515625
2024-07-26,531.8493041992188,2731.89990234375,4862.5
2024-07-29,532.1619262695312,2765.530029296875,4815.39013671875
2024-07-30,529.4656982421875,2738.18994140625,4841.0
2024-07-31,538.0719604492188,2770.68994140625,4872.93994140625
2024-08-01,530.4523315429688,2777.679931640625,4872.93994140625
2024-08-02,520.576171875,2676.18994140625,4638.7001953125
2024-08-05,505.4151306152344,2441.550048828125,4571.60009765625
2024-08-06,510.0747985839844,2522.14990234375,4575.22021484375
2024-08-07,506.66546630859375,2568.409912109375,4668.06005859375
2024-08-08,518.3782348632812,2556.72998046875,4668.740234375
2024-08-09,520.6640625,2588.429931640625,4675.27978515625
2024-08-12,520.937744140625,2618.300048828125,4671.8798828125
2024-08-13,529.5048217773438,2621.5,4694.919921875
2024-08-14,531.1751708984375,2644.5,4727.60009765625
2024-08-15,540.27978515625,2644.5,4807.77001953125
2024-08-16,541.4910278320312,2697.22998046875,4840.52001953125
2024-08-19,546.6685180664062,2674.360107421875,4871.41015625
2024-08-20,545.779541015625,2696.6298828125,4857.580078125
2024-08-21,547.655029296875,2701.1298828125,4885.27978515625
2024-08-22,543.35693359375,2707.669921875,4885.0
2024-08-23,549.1303100585938,2701.68994140625,4909.2001953125
2024-08-26,547.8211669921875,2698.010009765625,4896.68994140625
2024-08-27,548.5733642578125,2689.25,4898.77978515625
2024-08-28,545.3888549804688,2689.830078125,4913.02978515625
2024-08-29,545.4376220703125,2662.280029296875,4966.27001953125
2024-08-30,550.6443481445312,2674.31005859375,4957.97998046875
2024-09-02,550.6443481445312,2681.0,4973.06982421875
2024-09-03,539.3126831054688,2664.6298828125,4912.52001953125
2024-09-04,538.2088012695312,2580.800048828125,4848.18017578125
2024-09-05,536.8997192382812,2575.5,4815.14990234375
2024-09-06,527.8635864257812,2544.280029296875,4738.06005859375
2024-09-09,533.7737426757812,2535.929931640625,4778.66015625
2024-09-10,536.0986938476562,2523.429931640625,4747.2001953125
2024-09-11,541.5985717773438,2513.3701171875,4763.580078125
2024-09-12,546.16064453125,2572.090087890625,4814.080078125
2024-09-13,549.0130004882812,2575.409912109375,4843.990234375
2024-09-16,549.8237915039062,2575.409912109375,4827.6298828125
2024-09-17,550.0485229492188,2575.409912109375,4860.77978515625
2024-09-18,548.4171142578125,2575.409912109375,4835.2998046875
2024-09-19,557.7755737304688,2580.800048828125,4943.3798828125
2024-09-20,556.8114013671875,2593.3701171875,4871.5400390625
2024-09-23,558.2028198242188,2602.010009765625,4885.56982421875
2024-09-24,559.7998657226562,2631.679931640625,4940.72021484375
2024-09-25,558.5653076171875,2596.320068359375,4916.89013671875
2024-09-26,560.77978515625,2671.570068359375,5032.58984375
2024-09-27,559.9664306640625,2649.780029296875,5067.4501953125
2024-09-30,562.21044921875,2593.27001953125,5000.4501953125
2024-10-01,557.173828125,2593.27001953125,4954.14990234375
2024-10-02,557.4091186523438,2561.68994140625,4963.2900390625
2024-10-03,556.3900146484375,2561.68994140625,4921.330078125
2024-10-04,561.4461059570312,2569.7099609375,4954.93994140625
2024-10-07,556.3704223632812,2610.3798828125,4969.7099609375
2024-10-08,561.63232421875,2594.360107421875,4949.0
2024-10-09,565.5223388671875,2594.360107421875,4982.56982421875
2024-10-10,564.53271484375,2599.159912109375,4970.33984375
2024-10-11,567.913330078125,2596.909912109375,5003.919921875
2024-10-14,572.557861328125,2623.2900390625,5041.009765625
2024-10-15,568.1093139648438,2633.449951171875,4946.72998046875
2024-10-16,570.5785522460938,2610.360107421875,4908.7099609375
2024-10-17,570.6275024414062,2609.300048828125,4947.2998046875
2024-10-18,572.8224487304688,2593.820068359375,4986.27001953125
2024-10-21,571.8817749023438,2604.919921875,4941.22021484375
2024-10-22,571.5780029296875,2570.699951171875,4939.31005859375
2024-10-23,566.355224609375,2599.6201171875,4922.5498046875
2024-10-24,567.5801391601562,2581.030029296875,4935.4501953125
2024-10-25,567.3841552734375,2583.27001953125,4943.08984375
2024-10-28,569.13818359375,2612.429931640625,4969.830078125
2024-10-29,570.0592651367188,2617.800048828125,4950.02001953125
2024-10-30,568.3346557617188,2593.7900390625,4885.75
2024-10-31,557.1935424804688,2556.14990234375,4827.6298828125
2024-11-01,559.5451049804688,2542.360107421875,4877.75
2024-11-04,558.3399047851562,2588.969970703125,4852.10009765625
2024-11-05,565.0912475585938,2576.8798828125,4870.330078125
2024-11-06,579.142578125,2563.510009765625,4800.6298828125
2024-11-07,583.6205444335938,2564.6298828125,4851.9599609375
2024-11-08,586.148681640625,2561.14990234375,4802.759765625
2024-11-11,586.7072143554688,2531.659912109375,4854.02978515625
2024-11-12,584.8846435546875,2482.570068359375,4744.68994140625
2024-11-13,585.1688232421875,2417.080078125,4740.33984375
2024-11-14,581.4061279296875,2418.860107421875,4833.52978515625
2024-11-15,573.9591674804688,2416.860107421875,4794.85009765625
2024-11-18,576.310791015625,2469.070068359375,4790.330078125
2024-11-19,578.41748046875,2471.949951171875,4751.22998046875
2024-11-20,578.6134033203125,2482.2900390625,4729.7099609375
2024-11-21,581.7196044921875,2480.6298828125,4755.830078125
2024-11-22,583.5226440429688,2501.239990234375,4789.080078125
2024-11-25,585.501953125,2534.340087890625,4799.8701171875
2024-11-26,588.5592041015625,2520.360107421875,4761.990234375
2024-11-27,586.7756958007812,2503.06005859375,4733.14990234375
2024-11-28,586.7756958007812,2504.669921875,4758.64990234375
2024-11-29,590.4208374023438,2455.909912109375,4804.39990234375
2024-12-02,591.4791870117188,2454.47998046875,4846.72998046875
2024-12-03,591.7535400390625,2500.10009765625,4878.509765625
2024-12-04,595.427978515625,2464.0,4919.02001953125
2024-12-05,594.4481201171875,2441.85009765625,4951.580078125
2024-12-06,595.5750732421875,2428.159912109375,4977.77978515625
2024-12-09,592.508056640625,2360.580078125,4985.4599609375
2024-12-10,590.6658935546875,2417.840087890625,4951.740234375
2024-12-11,595.2320556640625,2442.510009765625,4959.35009765625
2024-12-12,592.1650390625,2482.1201171875,4965.52978515625
2024-12-13,592.0474853515625,2494.4599609375,4967.9501953125
2024-12-16,594.5755004882812,2488.969970703125,4947.02978515625
2024-12-17,592.1258544921875,2456.81005859375,4942.580078125
2024-12-18,574.4783935546875,2484.429931640625,4957.27978515625
2024-12-19,574.302001953125,2435.929931640625,4879.0
2024-12-20,581.199951171875,2404.14990234375,4862.27978515625
2024-12-23,584.6802978515625,2442.010009765625,4852.93017578125
2024-12-24,591.1790771484375,2440.52001953125,4852.93017578125
2024-12-26,591.2184448242188,2429.669921875,4852.93017578125
2024-12-27,584.9950561523438,2404.77001953125,4898.8798828125
2024-12-30,578.3192749023438,2399.489990234375,4869.27978515625
2024-12-31,576.2152709960938,2399.489990234375,4869.27978515625
2025-01-02,574.799560546875,2398.93994140625,4869.27978515625
2025-01-03,581.9864501953125,2441.919921875,4871.4501953125
2025-01-06,585.3390502929688,2488.639892578125,4986.64013671875
2025-01-07,578.7223510742188,2492.10009765625,5011.81982421875
2025-01-08,579.56787109375,2521.050048828125,4996.39013671875
2025-01-09,579.56787109375,2521.89990234375,5017.91015625
2025-01-10,570.7193603515625,2515.780029296875,4977.259765625
2025-01-13,571.6043090820312,2489.56005859375,4954.2099609375
2025-01-14,572.3907470703125,2497.39990234375,4980.47021484375
2025-01-15,582.802490234375,2496.81005859375,5032.31005859375
2025-01-16,581.6817016601562,2527.489990234375,5106.93017578125
2025-01-17,587.521728515625,2523.550048828125,5148.2998046875
2025-01-20,587.521728515625,2520.050048828125,5164.43994140625
2025-01-21,592.899658203125,2518.030029296875,5165.9599609375
2025-01-22,596.232666015625,2547.06005859375,5205.830078125
2025-01-23,599.48681640625,2515.489990234375,5217.5
2025-01-24,597.7368774414062,2536.800048828125,5219.3701171875
2025-01-27,589.2815551757812,2536.800048828125,5188.4501953125
2025-01-28,594.3449096679688,2536.800048828125,5195.7099609375
2025-01-29,591.6804809570312,2536.800048828125,5230.66015625
2025-01-30,594.8560791015625,2536.800048828125,5282.2099609375
2025-01-31,591.6903686523438,2517.3701171875,5286.8701171875
2025-02-03,587.7085571289062,2453.949951171875,5217.91015625
2025-02-04,591.651123046875,2481.68994140625,5264.58984375
2025-02-05,594.0498657226562,2509.27001953125,5271.1201171875
2025-02-06,596.1146240234375,2536.75,5356.6298828125
2025-02-07,590.6580810546875,2521.919921875,5325.39990234375
2025-02-10,594.6693115234375,2521.27001953125,5358.2998046875
2025-02-11,595.12158203125,2539.050048828125,5390.91015625
2025-02-12,593.2044067382812,2548.389892578125,5405.64990234375
2025-02-13,599.4671630859375,2583.169921875,5500.5
2025-02-14,599.4376831054688,2591.050048828125,5493.39990234375
2025-02-17,599.4376831054688,2610.419921875,5519.830078125
2025-02-18,601.1975708007812,2626.81005859375,5533.83984375
2025-02-19,602.61328125,2671.52001953125,5461.169921875
2025-02-20,600.1063232421875,2654.06005859375,5461.02978515625
2025-02-21,589.8419799804688,2654.580078125,5474.85009765625
2025-02-24,587.157958984375,2645.27001953125,5453.759765625
2025-02-25,584.2379150390625,2630.2900390625,5447.89990234375
2025-02-26,584.5327758789062,2641.090087890625,5527.990234375
2025-02-27,575.2025146484375,2621.75,5472.56005859375
2025-02-28,584.178955078125,2532.780029296875,5463.5400390625
2025-03-03,573.9441528320312,2532.780029296875,5540.68994140625
2025-03-04,567.1504516601562,2528.919921875,5387.31005859375
2025-03-05,573.2461547851562,2558.1298828125,5489.1201171875
2025-03-06,563.0703125,2576.159912109375,5520.47021484375
2025-03-07,566.226318359375,2563.47998046875,5468.41015625
2025-03-10,551.1444702148438,2570.389892578125,5386.97998046875
2025-03-11,546.5629272460938,2537.60009765625,5309.89990234375
2025-03-12,549.4633178710938,2574.820068359375,5359.419921875
2025-03-13,542.1386108398438,2573.639892578125,5328.39013671875
2025-03-14,553.3369750976562,2566.360107421875,5404.18017578125
2025-03-17,557.6039428710938,2610.68994140625,5445.5498046875
2025-03-18,551.5770874023438,2612.340087890625,5485.009765625
2025-03-19,557.5842895507812,2628.6201171875,5507.35986328125
2025-03-20,555.9718017578125,2637.10009765625,5450.93017578125
2025-03-21,556.1552124023438,2643.1298828125,5423.830078125
2025-03-24,566.1151733398438,2632.070068359375,5415.7900390625
2025-03-25,567.4760131835938,2615.81005859375,5475.080078125
2025-03-26,560.7013549804688,2643.93994140625,5411.68994140625
2025-03-27,559.2122192382812,2607.14990234375,5381.080078125
2025-03-28,547.95068359375,2557.97998046875,5331.39990234375
2025-03-31,551.6289672851562,2481.1201171875,5248.39013671875
2025-04-01,553.18701171875,2521.389892578125,5320.2998046875
2025-04-02,556.6878051757812,2505.860107421875,5303.9501953125
2025-04-03,529.2538452148438,2486.699951171875,5113.27978515625
2025-04-04,498.2696838378906,2465.419921875,4878.31005859375
2025-04-07,497.3821716308594,2328.199951171875,4656.41015625
2025-04-08,489.5918273925781,2334.22998046875,4773.64990234375
2025-04-09,541.0084228515625,2293.699951171875,4622.14013671875
2025-04-10,517.3019409179688,2445.06005859375,4818.919921875
2025-04-11,526.5320434570312,2432.719970703125,4787.22998046875
2025-04-14,531.6401977539062,2455.889892578125,4911.39013671875
2025-04-15,530.151123046875,2477.409912109375,4970.43017578125
2025-04-16,518.3668212890625,2447.429931640625,4966.5
2025-04-17,519.1065063476562,2470.409912109375,4935.33984375
2025-04-18,519.1065063476562,2483.419921875,4935.33984375
2025-04-21,506.7503662109375,2488.419921875,4935.33984375
2025-04-22,519.9348754882812,2486.639892578125,4961.4501953125
2025-04-23,527.991455078125,2525.56005859375,5098.740234375
2025-04-24,539.1051635742188,2522.330078125,5114.97998046875
2025-04-25,543.0004272460938,2546.300048828125,5154.1201171875
2025-04-28,543.2073974609375,2548.860107421875,5170.490234375
2025-04-29,546.6293334960938,2565.419921875,5161.89990234375
2025-04-30,546.84619140625,2556.610107421875,5160.22021484375
2025-05-01,550.7217407226562,2556.610107421875,5160.22021484375
2025-05-02,558.896728515625,2559.7900390625,5285.18994140625
2025-05-05,555.6918334960938,2559.7900390625,5283.0498046875
2025-05-06,551.0471801757812,2559.7900390625,5263.3798828125
2025-05-07,553.3646240234375,2573.800048828125,5230.18994140625
2025-05-08,557.2202758789062,2579.47998046875,5288.93994140625
2025-05-09,556.51025390625,2577.27001953125,5309.740234375
2025-05-12,574.9014892578125,2607.330078125,5392.35986328125
2025-05-13,578.6981201171875,2608.419921875,5416.2099609375
2025-05-14,579.4376831054688,2640.570068359375,5403.43994140625
2025-05-15,582.2678833007812,2621.360107421875,5412.080078125
2025-05-16,585.9559936523438,2626.8701171875,5427.52978515625
2025-05-19,586.596923828125,2603.419921875,5427.22998046875
2025-05-20,584.624755859375,2601.800048828125,5454.64990234375
2025-05-21,574.7733154296875,2625.580078125,5454.4599609375
2025-05-22,575.0001831054688,2593.669921875,5424.47998046875
2025-05-23,571.0752563476562,2592.090087890625,5326.31005859375
2025-05-26,571.0752563476562,2644.39990234375,5395.330078125
2025-05-27,582.9483032226562,2637.219970703125,5415.4501953125
2025-05-28,579.5757446289062,2670.14990234375,5378.39013671875
2025-05-29,581.8635864257812,2720.639892578125,5378.39013671875
2025-05-30,581.2127685546875,2697.669921875,5366.58984375
2025-06-02,584.4866333007812,2698.969970703125,5355.56005859375
2025-06-03,587.81982421875,2698.969970703125,5375.7001953125
2025-06-04,587.6620483398438,2770.840087890625,5405.14990234375
2025-06-05,584.8218994140625,2812.050048828125,5410.5498046875
2025-06-06,590.8275146484375,2812.050048828125,5430.169921875
2025-06-09,591.3599243164062,2855.77001953125,5430.169921875
2025-06-10,594.7128295898438,2871.85009765625,5415.3798828125
2025-06-11,593.0166015625,2907.0400390625,5393.14990234375
2025-06-12,595.3734741210938,2920.030029296875,5360.81982421875
2025-06-13,588.7171630859375,2894.6201171875,5290.47021484375
2025-06-16,594.318359375,2946.659912109375,5339.56982421875
2025-06-17,589.2398071289062,2950.300048828125,5288.68017578125
2025-06-18,589.1510009765625,2972.18994140625,5266.91015625
2025-06-19,589.1510009765625,2977.739990234375,5197.02978515625
2025-06-20,587.7673950195312,3021.840087890625,5233.580078125
2025-06-23,593.572998046875,3014.469970703125,5221.89990234375
2025-06-24,600.1304321289062,3103.639892578125,5297.06982421875
2025-06-25,600.4666137695312,3108.25,5252.009765625
2025-06-26,605.1646118164062,3079.56005859375,5244.02978515625
2025-06-27,608.1713256835938,3055.93994140625,5325.64013671875
2025-06-30,611.0790405273438,3071.699951171875,5303.240234375
2025-07-01,610.8812866210938,3089.64990234375,5282.43017578125
2025-07-02,613.6505737304688,3075.06005859375,5318.72021484375
2025-07-03,618.4869995117188,3116.27001953125,5343.14990234375
2025-07-04,618.4869995117188,3054.280029296875,5288.81005859375
2025-07-07,613.8780517578125,3059.469970703125,5341.5400390625
2025-07-08,613.5418090820312,3114.949951171875,5371.9501953125
2025-07-09,617.2210083007812,3133.739990234375,5445.64990234375
2025-07-10,618.9617309570312,3183.22998046875,5438.27001953125
2025-07-11,616.7858276367188,3175.77001953125,5383.47998046875
2025-07-14,617.9627685546875,3202.030029296875,5370.85009765625
2025-07-15,615.3220825195312,3215.280029296875,5354.169921875
2025-07-16,617.3792114257812,3186.3798828125,5298.06982421875
2025-07-17,621.1574096679688,3192.2900390625,5377.14990234375
2025-07-18,620.7024536132812,3188.070068359375,5359.22998046875
2025-07-21,621.87939453125,3210.81005859375,5342.97998046875
2025-07-22,621.9683227539062,3169.93994140625,5290.47998046875
2025-07-23,627.2598266601562,3183.77001953125,5344.25
2025-07-24,627.4674682617188,3190.449951171875,5355.2001953125
2025-07-25,630.1181030273438,3196.050048828125,5352.16015625
2025-07-28,629.9598388671875,3209.52001953125,5337.580078125
2025-07-29,628.2982788085938,3230.570068359375,5379.2001953125
2025-07-30,627.507080078125,3254.469970703125,5393.18017578125
2025-07-31,625.1531372070312,3245.43994140625,5319.919921875
2025-08-01,614.9066162109375,3119.409912109375,5319.919921875
2025-08-04,624.2530517578125,3147.75,5242.31982421875
2025-08-05,621.0880737304688,3198.0,5249.58984375
2025-08-06,625.8455200195312,3198.139892578125,5263.2900390625
2025-08-07,625.3212890625,3227.679931640625,5332.06982421875
2025-08-08,630.197265625,3210.010009765625,5347.740234375
2025-08-11,628.9509887695312,3206.77001953125,5331.85009765625
2025-08-12,635.6468505859375,3189.909912109375,5335.97021484375
2025-08-13,637.82275390625,3224.3701171875,5388.25
2025-08-14,637.8821411132812,3225.659912109375,5434.7001953125
2025-08-15,636.388671875,3225.659912109375,5448.60986328125
2025-08-18,636.2501220703125,3177.280029296875,5434.64013671875
2025-08-19,632.7984008789062,3151.56005859375,5483.27978515625
2025-08-20,631.1170654296875,3130.090087890625,5472.31982421875
2025-08-21,628.5850830078125,3141.739990234375,5462.16015625
2025-08-22,638.2380981445312,3168.72998046875,5488.22998046875
2025-08-25,635.42919921875,3209.860107421875,5443.9599609375
2025-08-26,638.0897827148438,3179.360107421875,5383.68017578125
2025-08-27,639.5436401367188,3187.159912109375,5393.06982421875
2025-08-28,641.80859375,3196.320068359375,5396.72998046875
2025-08-29,637.98095703125,3186.010009765625,5351.72998046875
2025-09-01,637.98095703125,3142.929931640625,5367.080078125
2025-09-02,633.2533569335938,3172.35009765625,5291.0400390625
2025-09-03,636.685302734375,3184.419921875,5325.009765625
2025-09-04,642.0064086914062,3200.830078125,5346.7099609375
2025-09-05,640.1469116210938,3205.1201171875,5318.14990234375
2025-09-08,641.7196044921875,3219.590087890625,5362.81005859375
2025-09-09,643.203125,3260.050048828125,5368.81982421875
2025-09-10,645.0625610351562,3314.530029296875,5361.47021484375
2025-09-11,650.423095703125,3344.199951171875,5386.77001953125
2025-09-12,650.2054443359375,3395.5400390625,5390.7099609375
2025-09-15,653.6671142578125,3407.31005859375,5440.39990234375
2025-09-16,652.7671508789062,3449.6201171875,5372.31005859375
2025-09-17,651.9561767578125,3413.39990234375,5369.7001953125
2025-09-18,655.0023803710938,3461.300048828125,5456.669921875
2025-09-19,658.2465209960938,3445.239990234375,5458.419921875
2025-09-22,661.3607788085938,3468.64990234375,5442.0498046875
2025-09-23,657.7606201171875,3486.18994140625,5472.39013671875
2025-09-24,655.6678466796875,3472.139892578125,5464.56005859375
2025-09-25,652.6429443359375,3471.110107421875,5444.89013671875
2025-09-26,656.3820190429688,3386.050048828125,5499.7001953125
2025-09-29,658.2266845703125,3431.2099609375,5506.85009765625
2025-09-30,660.7061157226562,3424.60009765625,5529.9599609375
2025-10-01,662.9574584960938,3455.830078125,5581.2099609375
2025-10-02,663.7210693359375,3549.2099609375,5645.81005859375
2025-10-03,663.7112426757812,3549.2099609375,5651.7099609375
2025-10-06,666.0914916992188,3549.2099609375,5628.72021484375
2025-10-07,663.6219482421875,3549.2099609375,5613.6201171875
2025-10-08,667.5791625976562,3549.2099609375,5649.72998046875
2025-10-09,665.6452026367188,3549.2099609375,5625.56005859375
2025-10-10,647.6542358398438,3610.60009765625,5531.31982421875
2025-10-13,657.5919189453125,3584.550048828125,5568.18994140625
2025-10-14,656.78857421875,3561.81005859375,5552.0498046875
2025-10-15,659.7044067382812,3657.280029296875,5605.02978515625
2025-10-16,655.2116088867188,3748.3701171875,5652.009765625
2025-10-17,658.9308471679688,3748.889892578125,5607.39013671875
2025-10-20,665.7840576171875,3814.68994140625,5680.93017578125
2025-10-21,665.7741088867188,3823.840087890625,5686.830078125
2025-10-22,662.3128051757812,3883.679931640625,5639.2099609375
2025-10-23,666.2402954101562,3845.56005859375,5668.330078125
2025-10-24,671.6851806640625,3941.590087890625,5674.5
2025-10-27,679.6094970703125,4042.830078125,5711.06005859375
2025-10-28,681.41455078125,4010.409912109375,5704.35009765625
2025-10-29,681.7418823242188,4081.14990234375,5705.81005859375
2025-10-30,674.2440185546875,4086.889892578125,5699.18017578125
2025-10-31,676.45556640625,4107.5,5662.0400390625
2025-11-03,677.7251586914062,4221.8701171875,5679.25
2025-11-04,669.6917114257812,4121.740234375,5660.2001953125
2025-11-05,672.012451171875,4004.419921875,5669.1298828125
2025-11-06,664.8021850585938,4026.449951171875,5611.18017578125
2025-11-07,665.4567260742188,3953.760009765625,5566.52978515625
2025-11-10,675.8406982421875,4073.239990234375,5664.4599609375
2025-11-11,677.3878784179688,4106.39013671875,5725.7001953125
2025-11-12,677.7648315429688,4150.39013671875,5787.31005859375
2025-11-13,666.5180053710938,4170.6298828125,5742.7900390625
2025-11-14,666.4088745117188,4011.570068359375,5693.77001953125
2025-11-17,660.2003173828125,4089.25,5640.93994140625
2025-11-18,654.65625,3953.6201171875,5534.7099609375
2025-11-19,657.185302734375,3929.510009765625,5542.0498046875
2025-11-20,647.1683349609375,4004.85009765625,5569.919921875
2025-11-21,653.6149291992188,3853.260009765625,5515.08984375
2025-11-24,663.235107421875,3846.06005859375,5528.669921875
2025-11-25,669.4735107421875,3857.780029296875,5573.91015625
2025-11-26,674.09521484375,3960.8701171875,5655.580078125
2025-11-27,674.09521484375,3986.909912109375,5653.169921875
2025-11-28,677.7747192382812,3926.590087890625,5668.169921875
2025-12-01,674.6802978515625,3920.3701171875,5667.47998046875
2025-12-02,675.9300537109375,3994.929931640625,5686.169921875
2025-12-03,678.2706298828125,4036.300048828125,5694.56005859375
2025-12-04,678.7664794921875,4028.510009765625,5718.080078125
2025-12-05,680.0557861328125,4100.0498046875,5723.93017578125
2025-12-08,678.0127563476562,4154.85009765625,5725.58984375
2025-12-09,677.4275512695312,4143.5498046875,5718.31982421875
2025-12-10,681.92041015625,4135.0,5708.1201171875
2025-12-11,683.5072021484375,4110.6201171875,5753.9599609375
2025-12-12,676.1581420898438,4167.16015625,5720.7099609375
2025-12-15,675.1365356445312,4090.590087890625,5752.52001953125
2025-12-16,673.2918701171875,3999.1298828125,5717.830078125
2025-12-17,665.8832397460938,4056.409912109375,5681.669921875
2025-12-18,670.9114990234375,3994.510009765625,5741.7099609375
2025-12-19,676.9923095703125,4020.550048828125,5760.35009765625
2025-12-22,681.2098999023438,4105.93017578125,5743.68994140625
2025-12-23,684.3233032226562,4117.31982421875,5749.27978515625
2025-12-24,686.7305297851562,4108.6201171875,5749.27978515625
2025-12-26,686.660888671875,4129.68017578125,5749.27978515625
2025-12-29,684.2138671875,4220.56005859375,5751.7099609375
2025-12-30,683.3783569335938,4214.169921875,5796.22021484375
2025-12-31,678.3152465820312,4214.169921875,5796.22021484375
2026-01-02,679.55859375,4309.6298828125,5796.22021484375
2026-01-05,684.0845336914062,4457.52001953125,5923.68994140625
2026-01-06,688.1529541015625,4525.47998046875,5931.7900390625
2026-01-07,685.9347534179688,4551.06005859375,5923.56982421875
2026-01-08,685.8651123046875,4552.3701171875,5904.31982421875
2026-01-09,690.4010009765625,4586.31982421875,5997.47021484375
2026-01-12,691.4852294921875,4624.7900390625,6016.2998046875
2026-01-13,690.1026000976562,4692.64013671875,6029.830078125
2026-01-14,686.7106323242188,4723.10009765625,6005.0498046875
2026-01-15,688.5806884765625,4797.5498046875,6041.14013671875
2026-01-16,688.0037231445312,4840.740234375,6029.4501953125
2026-01-19,688.0037231445312,4904.66015625,5925.81982421875
2026-01-20,673.9981689453125,4885.75,5892.080078125
2026-01-21,681.77685546875,4909.93017578125,5882.8798828125
2026-01-22,685.3379516601562,4952.52978515625,5956.169921875
2026-01-23,685.5865478515625,4990.06982421875,5948.2001953125
2026-01-26,689.0680541992188,4949.58984375,5957.7998046875
2026-01-27,691.8134765625,5084.85009765625,5994.58984375
2026-01-28,691.7438354492188,5170.81005859375,5933.2001953125
2026-01-29,690.3711547851562,5221.25,5891.9501953125
2026-01-30,688.3120727539062,5224.35986328125,5947.81005859375
2026-02-02,691.7339477539062,4949.669921875,6007.509765625
2026-02-03,685.885009765625,5288.080078125,5995.35009765625
2026-02-04,682.5626831054688,5371.10009765625,5970.47021484375
2026-02-05,674.0379638671875,5163.56982421875,5925.7001953125
2026-02-06,686.96923828125,5089.14013671875,5998.39990234375
2026-02-09,690.2816772460938,5298.0400390625,6059.009765625
2026-02-10,688.4613037109375,5301.68994140625,6047.06005859375
2026-02-11,688.3021850585938,5354.490234375,6035.64013671875
2026-02-12,677.668701171875,5522.27001953125,6011.2900390625
2026-02-13,678.1461181640625,5507.009765625,5985.22998046875
2026-02-16,678.1461181640625,5507.009765625,5978.8798828125
2026-02-17,679.2402954101562,5507.009765625,6021.85009765625
2026-02-18,682.662109375,5507.009765625,6103.3701171875
2026-02-19,680.8616333007812,5677.25,6059.6201171875
2026-02-20,685.7855834960938,5808.52978515625,6131.31005859375
2026-02-23,678.7827758789062,5846.08984375,6113.919921875
2026-02-24,683.7164916992188,5969.64013671875,6116.60009765625
2026-02-25,689.4859008789062,6083.85986328125,6173.31982421875
2026-02-26,685.6561889648438,6307.27001953125,6161.56005859375
2026-02-27,682.3637084960938,6244.1298828125,6138.41015625
2026-03-02,682.751708984375,6244.1298828125,5986.93017578125
2026-03-03,676.7337036132812,5791.91015625,5771.72998046875
2026-03-04,681.5082397460938,5093.5400390625,5870.919921875
2026-03-05,677.70849609375,5583.89990234375,5782.89013671875
2026-03-06,668.82568359375,5584.8701171875,5719.89990234375
2026-03-09,674.6845703125,5251.8701171875,5685.2001953125
2026-03-10,673.6002807617188,5532.58984375,5837.169921875
2026-03-11,672.7548217773438,5609.9501953125,5794.68017578125
2026-03-12,662.5390625,5583.25,5748.89013671875
2026-03-13,658.7890014648438,5487.240234375,5716.60986328125
2026-03-16,665.493408203125,5549.85009765625,5739.009765625
2026-03-17,667.2440185546875,5640.47998046875,5769.25
2026-03-18,657.9335327148438,5925.02978515625,5736.85009765625
2026-03-19,656.3121948242188,5763.22021484375,5613.830078125
2026-03-20,646.9034423828125,5781.2001953125,5501.27978515625
2026-03-23,653.6959228515625,5405.75,5574.31982421875
2026-03-24,651.5015869140625,5553.919921875,5581.2900390625
2026-03-25,655.1322021484375,5642.2099609375,5649.330078125
2026-03-26,643.432373046875,5460.4599609375,5565.93017578125
2026-03-27,632.4606323242188,5438.8701171875,5505.7998046875
2026-03-30,630.3460693359375,5277.2998046875,5541.7900390625
2026-03-31,648.6688842773438,5052.4599609375,5569.72998046875
2026-04-01,653.5562744140625,5478.7001953125,5732.7099609375
2026-04-02,654.144775390625,5234.0498046875,5692.85986328125
2026-04-03,654.144775390625,5377.2998046875,5692.85986328125
2026-04-06,657.23681640625,5450.330078125,5692.85986328125
2026-04-07,657.5260009765625,5494.77978515625,5633.22021484375
2026-04-08,674.27294921875,5872.33984375,5913.3701171875
2026-04-09,678.162841796875,5778.009765625,5896.2900390625
2026-04-10,677.7140502929688,5858.8701171875,5926.10986328125
2026-04-13,684.3369750976562,5808.6201171875,5905.02001953125
2026-04-14,692.675537109375,5967.75,5984.509765625
2026-04-15,698.1414184570312,6091.39013671875,5940.33984375
2026-04-16,699.8569946289062,6226.0498046875,5933.27978515625
2026-04-17,708.3152465820312,6191.919921875,6057.7099609375
2026-04-20,706.8988037109375,6219.08984375,5982.6298828125
2026-04-21,702.2708129882812,6388.47021484375,5930.25
2026-04-22,709.3825073242188,6417.93017578125,5906.22021484375
2026-04-23,706.6295776367188,6475.81005859375,5894.72998046875
2026-04-24,712.10546875,6475.6298828125,5883.47998046875
2026-04-27,713.332275390625,6615.02978515625,5860.31982421875
2026-04-28,709.8612060546875,6641.02001953125,5836.10009765625
2026-04-29,709.7515258789062,6690.89990234375,5816.47998046875
2026-04-30,716.8132934570312,6598.8701171875,5881.509765625
2026-05-01,718.7982177734375,6598.8701171875,5881.509765625
2026-05-04,716.1649780273438,6936.990234375,5763.60986328125
2026-05-05,721.9102172851562,6936.990234375,5869.6298828125
2026-05-06,731.9443359375,7384.56005859375,6027.1298828125
2026-05-07,729.7001342773438,7490.0498046875,5972.64990234375
2026-05-08,735.724609375,7498.0,5911.52978515625
2026-05-11,737.4002685546875,7822.240234375,5895.4501953125
2026-05-12,736.2831420898438,7643.14990234375,5808.4501953125
2026-05-13,740.4025268554688,7844.009765625,5861.06982421875
2026-05-14,746.2474975585938,7981.41015625,5861.06982421875
2026-05-15,737.2706298828125,7493.18017578125,5827.759765625
2026-05-18,736.751953125,7516.0400390625,5849.0
2026-05-19,731.8446044921875,7271.66015625,5851.16015625
2026-05-20,739.3452758789062,7208.9501953125,5976.06982421875
2026-05-21,740.8114624023438,7815.58984375,5960.31982421875
2026-05-22,743.7239990234375,7847.7099609375,6019.4501953125
2026-05-26,748.6613159179688,8047.509765625,6064.14990234375
2026-05-27,748.5316162109375,8228.7001953125,6070.5400390625
2026-05-28,752.6609497070312,8185.2900390625,6055.10986328125
2026-05-29,754.5361328125,8476.150390625,6050.5400390625
2026-06-01,756.5908203125,8788.3798828125,6034.9501953125
2026-06-02,757.6182250976562,8801.490234375,6107.85009765625
2026-06-03,752.3018798828125,8801.490234375,6053.56982421875
2026-06-04,755.1445922851562,8639.41015625,6103.330078125
2026-06-05,735.65478515625,8160.58984375,6062.06982421875
2026-06-08,737.3204345703125,7484.41015625,6062.2900390625
2026-06-09,735.1560668945312,8096.93017578125,6049.740234375
2026-06-10,723.56591796875,7730.81982421875,6009.9501953125
2026-06-11,735.8642578125,7763.9501953125,6056.9599609375
2026-06-12,739.843994140625,8123.6201171875,6187.6298828125
2026-06-15,752.890380859375,8545.98046875,6229.43017578125
2026-06-16,748.4019775390625,8726.599609375,6257.419921875
2026-06-17,739.0560302734375,8864.240234375,6300.06982421875
2026-06-18,746.739990234375,9063.83984375,6323.27001953125
2026-06-19,746.739990234375,9052.419921875,6293.1298828125
2026-06-22,744.3900146484375,9114.5498046875,6311.31982421875
2026-06-23,733.5800170898438,8203.83984375,6230.5498046875
2026-06-24,733.239990234375,8471.01953125,6214.7001953125
2026-06-25,734.2999877929688,8930.2998046875,6267.52978515625
2026-06-26,728.989990234375,8411.2099609375,6221.5498046875
2026-06-29,741.0,8394.650390625,6231.6298828125
2026-06-30,746.77001953125,8476.48046875,6328.08984375
2026-07-01,745.760009765625,8303.41015625,6282.5
2026-07-02,744.780029296875,7648.08984375,6360.47021484375
2026-07-03,744.780029296875,8088.33984375,6412.68017578125
2026-07-06,751.280029296875,8051.330078125,6398.009765625
2026-07-07,747.7100219726562,7656.31005859375,6319.85986328125
2026-07-08,745.4000244140625,7246.7900390625,6204.91015625
2026-07-09,751.7100219726562,7291.91015625,6284.27001953125
2026-07-10,754.9500122070312,7475.93994140625,6269.97021484375
2026-07-13,749.1699829101562,6806.93017578125,6271.02001953125
2026-07-14,751.8300170898438,6856.830078125,6280.18994140625
2026-07-15,754.8099975585938,7284.41015625,6265.580078125
2026-07-16,750.719970703125,6820.60009765625,6283.60986328125
2026-07-17,743.2899780273438,6820.60009765625,6230.8701171875
2026-07-20,742.0900268554688,6516.27001953125,6227.39990234375
2026-07-21,748.280029296875,6747.9501953125,6285.6298828125
2026-07-22,747.4099731445312,6797.7001953125,6316.990234375
2026-07-23,738.1799926757812,7096.89013671875,6210.169921875
2026-07-24,738.9299926757812,6690.6201171875,6280.93994140625
2026-07-27,739.0900268554688,6755.75,6282.2099609375
2026-07-28,740.8599853515625,6023.66015625,6289.509765625
2026-07-29,729.4600219726562,5663.240234375,6248.83984375
2026-07-30,741.6900024414062,5593.56005859375,6344.39990234375
2026-07-31,747.030029296875,6595.4501953125,6358.009765625
2026-08-03,757.6699829101562,6257.4501953125,6426.5
2026-08-04,771.3300170898438,6358.9501953125,6486.7001953125
2026-08-05,769.7899780273438,6598.259765625,6476.97998046875
2026-08-06,768.5599975585938,6296.3798828125,6502.56005859375
2026-08-07,773.260009765625,6258.77001953125,6523.85986328125
