Date,CL=F,BZ=F,NG=F,TTF=F
2023-08-09,84.4000015258789,87.55000305175781,2.9590001106262207,39.823001861572266
2023-08-10,82.81999969482422,86.4000015258789,2.763000011444092,37.055999755859375
2023-08-11,83.19000244140625,86.80999755859375,2.7699999809265137,35.29999923706055
2023-08-14,82.51000213623047,86.20999908447266,2.7950000762939453,34.433998107910156
2023-08-15,80.98999786376953,84.88999938964844,2.6589999198913574,38.8129997253418
2023-08-16,79.37999725341797,83.44999694824219,2.5920000076293945,37.784000396728516
2023-08-17,80.38999938964844,84.12000274658203,2.621000051498413,36.82500076293945
2023-08-18,81.25,84.80000305175781,2.5510001182556152,36.40999984741211
2023-08-21,80.72000122070312,84.45999908447266,2.631999969482422,40.78200149536133
2023-08-22,80.3499984741211,84.02999877929688,2.559999942779541,42.90800094604492
2023-08-23,78.88999938964844,83.20999908447266,2.496999979019165,36.7859992980957
2023-08-24,79.05000305175781,83.36000061035156,2.5190000534057617,31.937999725341797
2023-08-25,79.83000183105469,84.4800033569336,2.5399999618530273,34.777000427246094
2023-08-28,80.0999984741211,84.41999816894531,2.5789999961853027,38.41400146484375
2023-08-29,81.16000366210938,85.48999786376953,2.555999994277954,35.19499969482422
2023-08-30,81.62999725341797,85.86000061035156,2.7960000038146973,35.992000579833984
2023-08-31,83.62999725341797,86.86000061035156,2.7679998874664307,35.02899932861328
2023-09-01,85.55000305175781,88.55000305175781,2.765000104904175,35.617000579833984
2023-09-05,86.69000244140625,90.04000091552734,2.5820000171661377,34.44900131225586
2023-09-06,87.54000091552734,90.5999984741211,2.509999990463257,31.075000762939453
2023-09-07,86.87000274658203,89.91999816894531,2.5789999961853027,32.755001068115234
2023-09-08,87.51000213623047,90.6500015258789,2.6050000190734863,34.507999420166016
2023-09-11,87.29000091552734,90.63999938964844,2.6080000400543213,35.847999572753906
2023-09-12,88.83999633789062,92.05999755859375,2.743000030517578,34.70100021362305
2023-09-13,88.5199966430664,91.87999725341797,2.680000066757202,36.81700134277344
2023-09-14,90.16000366210938,93.69999694824219,2.7079999446868896,35.520999908447266
2023-09-15,90.7699966430664,93.93000030517578,2.6440000534057617,36.483001708984375
2023-09-18,91.4800033569336,94.43000030517578,2.7279999256134033,34.474998474121094
2023-09-19,91.19999694824219,94.33999633789062,2.8480000495910645,36.78200149536133
2023-09-20,90.27999877929688,93.52999877929688,2.7330000400543213,37.284000396728516
2023-09-21,89.62999725341797,93.30000305175781,2.609999895095825,39.10499954223633
2023-09-22,90.02999877929688,93.2699966430664,2.63700008392334,39.79100036621094
2023-09-25,89.68000030517578,93.29000091552734,2.6389999389648438,44.44200134277344
2023-09-26,90.38999938964844,93.95999908447266,2.6559998989105225,40.321998596191406
2023-09-27,93.68000030517578,96.55000305175781,2.7639999389648438,39.29600143432617
2023-09-28,91.70999908447266,95.37999725341797,2.944999933242798,39.736000061035156
2023-09-29,90.79000091552734,95.30999755859375,2.928999900817871,41.85900115966797
2023-10-02,88.81999969482422,90.70999908447266,2.8399999141693115,39.334999084472656
2023-10-03,89.2300033569336,90.91999816894531,2.9489998817443848,36.98699951171875
2023-10-04,84.22000122070312,85.80999755859375,2.9619998931884766,38.441001892089844
2023-10-05,82.30999755859375,84.06999969482422,3.1659998893737793,36.207000732421875
2023-10-06,82.79000091552734,84.58000183105469,3.3380000591278076,38.23099899291992
2023-10-09,86.37999725341797,88.1500015258789,3.375999927520752,43.952999114990234
2023-10-10,85.97000122070312,87.6500015258789,3.381999969482422,49.45500183105469
2023-10-11,83.48999786376953,85.81999969482422,3.377000093460083,46.06800079345703
2023-10-12,82.91000366210938,86.0,3.3440001010894775,53.00199890136719
2023-10-13,87.69000244140625,90.88999938964844,3.2360000610351562,53.981998443603516
2023-10-16,86.66000366210938,89.6500015258789,3.1089999675750732,48.46699905395508
2023-10-17,86.66000366210938,89.9000015258789,3.0789999961853027,48.895999908447266
2023-10-18,88.31999969482422,91.5,3.055999994277954,50.83300018310547
2023-10-19,89.37000274658203,92.37999725341797,2.9570000171661377,50.172000885009766
2023-10-20,88.75,92.16000366210938,2.8989999294281006,51.11199951171875
2023-10-23,85.48999786376953,89.83000183105469,2.9260001182556152,51.2760009765625
2023-10-24,83.73999786376953,88.06999969482422,2.9709999561309814,49.263999938964844
2023-10-25,85.38999938964844,90.12999725341797,3.009999990463257,49.92399978637695
2023-10-26,83.20999908447266,87.93000030517578,3.2139999866485596,50.808998107910156
2023-10-27,85.54000091552734,90.4800033569336,3.1640000343322754,50.53200149536133
2023-10-30,82.30999755859375,87.44999694824219,3.3519999980926514,50.547000885009766
2023-10-31,81.0199966430664,87.41000366210938,3.575000047683716,48.00600051879883
2023-11-01,80.44000244140625,84.62999725341797,3.49399995803833,47.75699996948242
2023-11-02,82.45999908447266,86.8499984741211,3.4719998836517334,48.56399917602539
2023-11-03,80.51000213623047,84.88999938964844,3.515000104904175,48.05699920654297
2023-11-06,80.81999969482422,85.18000030517578,3.2639999389648438,44.832000732421875
2023-11-07,77.37000274658203,81.61000061035156,3.140000104904175,46.05699920654297
2023-11-08,75.33000183105469,79.54000091552734,3.1059999465942383,45.777000427246094
2023-11-09,75.73999786376953,80.01000213623047,3.0409998893737793,48.12900161743164
2023-11-10,77.16999816894531,81.43000030517578,3.0329999923706055,46.63199996948242
2023-11-13,78.26000213623047,82.5199966430664,3.197000026702881,47.87300109863281
2023-11-14,78.26000213623047,82.47000122070312,3.1059999465942383,47.608001708984375
2023-11-15,76.66000366210938,81.18000030517578,3.190000057220459,47.0369987487793
2023-11-16,72.9000015258789,77.41999816894531,3.062000036239624,45.8489990234375
2023-11-17,75.88999938964844,80.61000061035156,2.9600000381469727,45.06399917602539
2023-11-20,77.5999984741211,82.31999969482422,2.881999969482422,45.82099914550781
2023-11-21,77.7699966430664,82.44999694824219,2.8459999561309814,44.064998626708984
2023-11-22,77.0999984741211,81.95999908447266,2.8970000743865967,44.61600112915039
2023-11-23,77.0999984741211,81.37000274658203,2.934000015258789,46.58000183105469
2023-11-24,75.54000091552734,80.58000183105469,2.8550000190734863,46.65700149536133
2023-11-27,74.86000061035156,79.9800033569336,2.7939999103546143,43.98400115966797
2023-11-28,76.41000366210938,81.68000030517578,2.7060000896453857,42.77399826049805
2023-11-29,77.86000061035156,83.0999984741211,2.803999900817871,40.36000061035156
2023-11-30,75.95999908447266,82.83000183105469,2.802000045776367,42.090999603271484
2023-12-01,74.06999969482422,78.87999725341797,2.813999891281128,43.49599838256836
2023-12-04,73.04000091552734,78.02999877929688,2.694000005722046,40.104000091552734
2023-12-05,72.31999969482422,77.19999694824219,2.7100000381469727,38.132999420166016
2023-12-06,69.37999725341797,74.30000305175781,2.569000005722046,39.3129997253418
2023-12-07,69.33999633789062,74.05000305175781,2.5850000381469727,39.96799850463867
2023-12-08,71.2300033569336,75.83999633789062,2.5810000896453857,38.597999572753906
2023-12-11,71.31999969482422,76.02999877929688,2.430999994277954,36.11800003051758
2023-12-12,68.61000061035156,73.23999786376953,2.311000108718872,34.702999114990234
2023-12-13,69.47000122070312,74.26000213623047,2.3350000381469727,35.8120002746582
2023-12-14,71.58000183105469,76.61000061035156,2.3919999599456787,34.849998474121094
2023-12-15,71.43000030517578,76.55000305175781,2.490999937057495,33.18899917602539
2023-12-18,72.47000122070312,77.94999694824219,2.503000020980835,35.52199935913086
2023-12-19,73.44000244140625,79.2300033569336,2.492000102996826,32.56800079345703
2023-12-20,74.22000122070312,79.69999694824219,2.447000026702881,33.520999908447266
2023-12-21,73.88999938964844,79.38999938964844,2.572000026702881,34.202999114990234
2023-12-22,73.55999755859375,79.06999969482422,2.609999895095825,34.17399978637695
2023-12-26,75.56999969482422,81.06999969482422,2.549999952316284,34.17399978637695
2023-12-27,74.11000061035156,79.6500015258789,2.61899995803833,35.51300048828125
2023-12-28,71.7699966430664,78.38999938964844,2.556999921798706,33.10499954223633
2023-12-29,71.6500015258789,77.04000091552734,2.5139999389648438,32.349998474121094
2024-01-02,70.37999725341797,75.88999938964844,2.568000078201294,30.57200050354004
2024-01-03,72.69999694824219,78.25,2.6679999828338623,32.79499816894531
2024-01-04,72.19000244140625,77.58999633789062,2.821000099182129,33.40999984741211
2024-01-05,73.80999755859375,78.76000213623047,2.8929998874664307,34.55099868774414
2024-01-08,70.7699966430664,76.12000274658203,2.9800000190734863,31.579999923706055
2024-01-09,72.23999786376953,77.58999633789062,3.190000057220459,30.641000747680664
2024-01-10,71.37000274658203,76.80000305175781,3.0390000343322754,30.941999435424805
2024-01-11,72.0199966430664,77.41000366210938,3.0969998836517334,30.816999435424805
2024-01-12,72.68000030517578,78.29000091552734,3.312999963760376,31.990999221801758
2024-01-16,72.4000015258789,78.29000091552734,2.9000000953674316,29.6560001373291
2024-01-17,72.55999755859375,77.87999725341797,2.869999885559082,27.70800018310547
2024-01-18,74.08000183105469,79.0999984741211,2.697000026702881,27.89299964904785
2024-01-19,73.41000366210938,78.55999755859375,2.5190000534057617,28.429000854492188
2024-01-22,75.19000244140625,80.05999755859375,2.4189999103546143,27.263999938964844
2024-01-23,74.37000274658203,79.55000305175781,2.450000047683716,27.226999282836914
2024-01-24,75.08999633789062,80.04000091552734,2.6410000324249268,28.929000854492188
2024-01-25,77.36000061035156,82.43000030517578,2.571000099182129,27.784000396728516
2024-01-26,78.01000213623047,83.55000305175781,2.7119998931884766,28.07900047302246
2024-01-29,76.77999877929688,82.4000015258789,2.490000009536743,28.173999786376953
2024-01-30,77.81999969482422,82.87000274658203,2.0769999027252197,29.391000747680664
2024-01-31,75.8499984741211,81.70999908447266,2.0999999046325684,30.235000610351562
2024-02-01,73.81999969482422,78.69999694824219,2.049999952316284,28.990999221801758
2024-02-02,72.27999877929688,77.33000183105469,2.0789999961853027,29.304000854492188
2024-02-05,72.77999877929688,77.98999786376953,2.0820000171661377,28.340999603271484
2024-02-06,73.30999755859375,78.58999633789062,2.009000062942505,28.60700035095215
2024-02-07,73.86000061035156,79.20999908447266,1.9670000076293945,28.18600082397461
2024-02-08,76.22000122070312,81.62999725341797,1.9170000553131104,27.812000274658203
2024-02-09,76.83999633789062,82.19000244140625,1.847000002861023,27.117000579833984
2024-02-12,76.91999816894531,82.0,1.7680000066757202,25.729000091552734
2024-02-13,77.87000274658203,82.7699966430664,1.6890000104904175,25.43600082397461
2024-02-14,76.63999938964844,81.5999984741211,1.6089999675750732,24.85700035095215
2024-02-15,78.02999877929688,82.86000061035156,1.5809999704360962,24.965999603271484
2024-02-16,79.19000244140625,83.47000122070312,1.6089999675750732,24.82200050354004
2024-02-20,78.18000030517578,82.33999633789062,1.5759999752044678,24.167999267578125
2024-02-21,77.91000366210938,83.02999877929688,1.7730000019073486,23.976999282836914
2024-02-22,78.61000061035156,83.66999816894531,1.7319999933242798,23.19300079345703
2024-02-23,76.48999786376953,81.62000274658203,1.6030000448226929,22.93400001525879
2024-02-26,77.58000183105469,82.52999877929688,1.659000039100647,24.009000778198242
2024-02-27,78.87000274658203,83.6500015258789,1.6150000095367432,24.392000198364258
2024-02-28,78.54000091552734,83.68000030517578,1.8849999904632568,25.618999481201172
2024-02-29,78.26000213623047,83.62000274658203,1.8600000143051147,24.864999771118164
2024-03-01,79.97000122070312,83.55000305175781,1.8350000381469727,25.80900001525879
2024-03-04,78.73999786376953,82.80000305175781,1.9160000085830688,26.885000228881836
2024-03-05,78.1500015258789,82.04000091552734,1.9570000171661377,27.468000411987305
2024-03-06,79.12999725341797,82.95999908447266,1.9290000200271606,26.57200050354004
2024-03-07,78.93000030517578,82.95999908447266,1.8179999589920044,25.992000579833984
2024-03-08,78.01000213623047,82.08000183105469,1.8049999475479126,26.392000198364258
2024-03-11,77.93000030517578,82.20999908447266,1.7589999437332153,24.93000030517578
2024-03-12,77.55999755859375,81.91999816894531,1.7139999866485596,24.774999618530273
2024-03-13,79.72000122070312,84.02999877929688,1.6579999923706055,24.902999877929688
2024-03-14,81.26000213623047,85.41999816894531,1.7410000562667847,26.048999786376953
2024-03-15,81.04000091552734,85.33999633789062,1.6549999713897705,27.025999069213867
2024-03-18,82.72000122070312,86.88999938964844,1.7029999494552612,28.82200050354004
2024-03-19,83.47000122070312,87.37999725341797,1.74399995803833,28.865999221801758
2024-03-20,81.68000030517578,85.94999694824219,1.6990000009536743,27.742000579833984
2024-03-21,81.06999969482422,85.77999877929688,1.6829999685287476,26.402000427246094
2024-03-22,80.62999725341797,85.43000030517578,1.659000039100647,27.775999069213867
2024-03-25,81.94999694824219,86.75,1.6150000095367432,28.48900032043457
2024-03-26,81.62000274658203,86.25,1.5750000476837158,27.131999969482422
2024-03-27,81.3499984741211,86.08999633789062,1.718000054359436,27.687000274658203
2024-03-28,83.16999816894531,87.4800033569336,1.7630000114440918,27.34000015258789
2024-04-01,83.70999908447266,87.41999816894531,1.8370000123977661,27.34000015258789
2024-04-02,85.1500015258789,88.91999816894531,1.8619999885559082,26.202999114990234
2024-04-03,85.43000030517578,89.3499984741211,1.840999960899353,25.562999725341797
2024-04-04,86.58999633789062,90.6500015258789,1.7740000486373901,26.20599937438965
2024-04-05,86.91000366210938,91.16999816894531,1.784999966621399,26.606000900268555
2024-04-08,86.43000030517578,90.37999725341797,1.843999981880188,27.908000946044922
2024-04-09,85.2300033569336,89.41999816894531,1.871999979019165,27.35099983215332
2024-04-10,86.20999908447266,90.4800033569336,1.8849999904632568,27.100000381469727
2024-04-11,85.0199966430664,89.73999786376953,1.7640000581741333,29.37700080871582
2024-04-12,85.66000366210938,90.44999694824219,1.7699999809265137,30.73200035095215
2024-04-15,85.41000366210938,90.0999984741211,1.690999984741211,31.14299964904785
2024-04-16,85.36000061035156,90.0199966430664,1.7319999933242798,33.138999938964844
2024-04-17,82.69000244140625,87.29000091552734,1.7120000123977661,31.288999557495117
2024-04-18,82.7300033569336,87.11000061035156,1.7569999694824219,32.308998107910156
2024-04-19,83.13999938964844,87.29000091552734,1.7519999742507935,30.757999420166016
2024-04-22,82.8499984741211,87.0,1.7910000085830688,29.309999465942383
2024-04-23,83.36000061035156,88.41999816894531,1.812000036239624,28.41699981689453
2024-04-24,82.80999755859375,88.0199966430664,1.652999997138977,29.01799964904785
2024-04-25,83.56999969482422,89.01000213623047,1.6380000114440918,29.770999908447266
2024-04-26,83.8499984741211,89.5,1.6139999628067017,28.88599967956543
2024-04-29,82.62999725341797,88.4000015258789,2.0299999713897705,27.993999481201172
2024-04-30,81.93000030517578,87.86000061035156,1.9910000562667847,29.118000030517578
2024-05-01,79.0,83.44000244140625,1.9320000410079956,28.729999542236328
2024-05-02,78.94999694824219,83.66999816894531,2.0350000858306885,30.913000106811523
2024-05-03,78.11000061035156,82.95999908447266,2.1419999599456787,30.527999877929688
2024-05-06,78.4800033569336,83.33000183105469,2.194999933242798,31.801000595092773
2024-05-07,78.37999725341797,83.16000366210938,2.2070000171661377,31.066999435424805
2024-05-08,78.98999786376953,83.58000183105469,2.187000036239624,30.608999252319336
2024-05-09,79.26000213623047,83.87999725341797,2.3010001182556152,30.864999771118164
2024-05-10,78.26000213623047,82.79000091552734,2.252000093460083,30.02899932861328
2024-05-13,79.12000274658203,83.36000061035156,2.38100004196167,29.577999114990234
2024-05-14,78.0199966430664,82.37999725341797,2.3440001010894775,29.66900062561035
2024-05-15,78.62999725341797,82.75,2.4159998893737793,29.733999252319336
2024-05-16,79.2300033569336,83.2699966430664,2.494999885559082,30.24799919128418
2024-05-17,80.05999755859375,83.9800033569336,2.625999927520752,30.768999099731445
2024-05-20,79.80000305175781,83.70999908447266,2.750999927520752,31.76799964904785
2024-05-21,79.26000213623047,82.87999725341797,2.6710000038146973,33.00400161743164
2024-05-22,77.56999969482422,81.9000015258789,2.8420000076293945,34.388999938964844
2024-05-23,76.87000274658203,81.36000061035156,2.6570000648498535,35.22800064086914
2024-05-24,77.72000122070312,82.12000274658203,2.5199999809265137,34.1150016784668
2024-05-28,79.83000183105469,84.22000122070312,2.5899999141693115,33.534000396728516
2024-05-29,79.2300033569336,83.5999984741211,2.493000030517578,33.87900161743164
2024-05-30,77.91000366210938,81.86000061035156,2.572000026702881,35.19200134277344
2024-05-31,76.98999786376953,81.62000274658203,2.5869998931884766,34.222999572753906
2024-06-03,74.22000122070312,78.36000061035156,2.75600004196167,36.013999938964844
2024-06-04,73.25,77.5199966430664,2.5859999656677246,33.797000885009766
2024-06-05,74.06999969482422,78.41000366210938,2.756999969482422,33.35499954223633
2024-06-06,75.55000305175781,79.87000274658203,2.821000099182129,33.68600082397461
2024-06-07,75.52999877929688,79.62000274658203,2.9179999828338623,33.10900115966797
2024-06-10,77.73999786376953,81.62999725341797,2.9059998989105225,34.257999420166016
2024-06-11,77.9000015258789,81.91999816894531,3.128999948501587,34.28499984741211
2024-06-12,78.5,82.5999984741211,3.0450000762939453,35.29399871826172
2024-06-13,78.62000274658203,82.75,2.9590001106262207,35.7239990234375
2024-06-14,78.44999694824219,82.62000274658203,2.88100004196167,35.36000061035156
2024-06-17,80.33000183105469,84.25,2.7880001068115234,34.209999084472656
2024-06-18,81.56999969482422,85.33000183105469,2.9089999198913574,34.70000076293945
2024-06-20,82.16999816894531,85.70999908447266,2.740999937057495,34.4640007019043
2024-06-21,80.7300033569336,85.23999786376953,2.7049999237060547,33.93600082397461
2024-06-24,81.62999725341797,86.01000213623047,2.811000108718872,34.08000183105469
2024-06-25,80.83000183105469,85.01000213623047,2.75600004196167,34.85300064086914
2024-06-26,80.9000015258789,85.25,2.628000020980835,33.82400131225586
2024-06-27,81.73999786376953,86.38999938964844,2.684999942779541,34.564998626708984
2024-06-28,81.54000091552734,86.41000366210938,2.6010000705718994,34.47999954223633
2024-07-01,83.37999725341797,86.5999984741211,2.4779999256134033,33.48500061035156
2024-07-02,82.80999755859375,86.23999786376953,2.434999942779541,33.685001373291016
2024-07-03,83.87999725341797,87.33999633789062,2.4179999828338623,32.691001892089844
2024-07-05,83.16000366210938,86.54000091552734,2.319000005722046,33.06700134277344
2024-07-08,82.33000183105469,85.75,2.365999937057495,32.2859992980957
2024-07-09,81.41000366210938,84.66000366210938,2.3440001010894775,31.334999084472656
2024-07-10,82.0999984741211,85.08000183105469,2.3289999961853027,30.784000396728516
2024-07-11,82.62000274658203,85.4000015258789,2.2679998874664307,31.11199951171875
2024-07-12,82.20999908447266,85.02999877929688,2.3289999961853027,31.7189998626709
2024-07-15,81.91000366210938,84.8499984741211,2.1579999923706055,31.371000289916992
2024-07-16,80.76000213623047,83.7300033569336,2.187999963760376,32.797000885009766
2024-07-17,82.8499984741211,85.08000183105469,2.0350000858306885,31.89299964904785
2024-07-18,82.81999969482422,85.11000061035156,2.125,32.67399978637695
2024-07-19,80.12999725341797,82.62999725341797,2.128000020980835,32.16999816894531
2024-07-22,79.77999877929688,82.4000015258789,2.250999927520752,31.839000701904297
2024-07-23,76.95999908447266,81.01000213623047,2.187000036239624,31.621999740600586
2024-07-24,77.58999633789062,81.70999908447266,2.117000102996826,32.62099838256836
2024-07-25,78.27999877929688,82.37000274658203,2.0409998893737793,31.77899932861328
2024-07-26,77.16000366210938,81.12999725341797,2.00600004196167,32.474998474121094
2024-07-29,75.80999755859375,79.77999877929688,1.906999945640564,33.87300109863281
2024-07-30,74.7300033569336,78.62999725341797,2.125999927520752,34.361000061035156
2024-07-31,77.91000366210938,80.72000122070312,2.0360000133514404,35.86800003051758
2024-08-01,76.30999755859375,79.5199966430664,1.968000054359436,36.96900177001953
2024-08-02,73.5199966430664,76.80999755859375,1.9670000076293945,36.64899826049805
2024-08-05,72.94000244140625,76.30000305175781,1.9420000314712524,35.49800109863281
2024-08-06,73.19999694824219,76.4800033569336,2.009999990463257,36.67599868774414
2024-08-07,75.2300033569336,78.33000183105469,2.111999988555908,38.45100021362305
2024-08-08,76.19000244140625,79.16000366210938,2.127000093460083,40.095001220703125
2024-08-09,76.83999633789062,79.66000366210938,2.1429998874664307,40.395999908447266
2024-08-12,80.05999755859375,82.30000305175781,2.188999891281128,39.65800094604492
2024-08-13,78.3499984741211,80.69000244140625,2.1480000019073486,39.47999954223633
2024-08-14,76.9800033569336,79.76000213623047,2.2190001010894775,38.96699905395508
2024-08-15,78.16000366210938,81.04000091552734,2.197000026702881,39.60100173950195
2024-08-16,76.6500015258789,79.68000030517578,2.122999906539917,39.64400100708008
2024-08-19,74.37000274658203,77.66000366210938,2.234999895095825,39.845001220703125
2024-08-20,74.04000091552734,77.19999694824219,2.197999954223633,37.957000732421875
2024-08-21,71.93000030517578,76.05000305175781,2.177000045776367,37.0099983215332
2024-08-22,73.01000213623047,77.22000122070312,2.052999973297119,36.58700180053711
2024-08-23,74.83000183105469,79.0199966430664,2.0220000743865967,36.862998962402344
2024-08-26,77.41999816894531,81.43000030517578,1.9559999704360962,37.65599822998047
2024-08-27,75.52999877929688,79.55000305175781,1.9040000438690186,38.68899917602539
2024-08-28,74.5199966430664,78.6500015258789,1.9299999475479126,38.52000045776367
2024-08-29,75.91000366210938,79.94000244140625,2.13700008392334,38.60100173950195
2024-08-30,73.55000305175781,78.80000305175781,2.127000093460083,39.823001861572266
2024-09-03,70.33999633789062,73.75,2.203000068664551,37.19300079345703
2024-09-04,69.19999694824219,72.69999694824219,2.1449999809265137,35.79800033569336
2024-09-05,69.1500015258789,72.69000244140625,2.253999948501587,36.19499969482422
2024-09-06,67.66999816894531,71.05999755859375,2.2750000953674316,36.479000091552734
2024-09-09,68.70999908447266,71.83999633789062,2.1700000762939453,37.33300018310547
2024-09-10,65.75,69.19000244140625,2.2320001125335693,35.28200149536133
2024-09-11,67.30999755859375,70.61000061035156,2.2699999809265137,36.141998291015625
2024-09-12,68.97000122070312,71.97000122070312,2.3570001125335693,35.191001892089844
2024-09-13,68.6500015258789,71.61000061035156,2.305000066757202,35.64799880981445
2024-09-16,70.08999633789062,72.75,2.372999906539917,34.08100128173828
2024-09-17,71.19000244140625,73.69999694824219,2.3239998817443848,35.547000885009766
2024-09-18,70.91000366210938,73.6500015258789,2.2839999198913574,35.244998931884766
2024-09-19,71.94999694824219,74.87999725341797,2.3480000495910645,33.08300018310547
2024-09-20,71.91999816894531,74.48999786376953,2.434000015258789,34.444000244140625
2024-09-23,70.37000274658203,73.9000015258789,2.61299991607666,36.21099853515625
2024-09-24,71.55999755859375,75.16999816894531,2.5510001182556152,35.41299819946289
2024-09-25,69.69000244140625,73.45999908447266,2.63700008392334,37.319000244140625
2024-09-26,67.66999816894531,71.5999984741211,2.5850000381469727,37.88999938964844
2024-09-27,68.18000030517578,71.9800033569336,2.9019999504089355,38.11399841308594
2024-09-30,68.16999816894531,71.7699966430664,2.9230000972747803,39.04399871826172
2024-10-01,69.83000183105469,73.55999755859375,2.8959999084472656,39.27299880981445
2024-10-02,70.0999984741211,73.9000015258789,2.885999917984009,38.617000579833984
2024-10-03,73.70999908447266,77.62000274658203,2.9700000286102295,39.9119987487793
2024-10-04,74.37999725341797,78.05000305175781,2.8540000915527344,40.97999954223633
2024-10-07,77.13999938964844,80.93000030517578,2.746000051498413,40.24399948120117
2024-10-08,73.56999969482422,77.18000030517578,2.7330000400543213,38.91899871826172
2024-10-09,73.23999786376953,76.58000183105469,2.6600000858306885,38.340999603271484
2024-10-10,75.8499984741211,79.4000015258789,2.674999952316284,40.292999267578125
2024-10-11,75.55999755859375,79.04000091552734,2.631999969482422,39.87900161743164
2024-10-14,73.83000183105469,77.45999908447266,2.49399995803833,40.558998107910156
2024-10-15,70.58000183105469,74.25,2.497999906539917,39.972999572753906
2024-10-16,70.38999938964844,74.22000122070312,2.367000102996826,39.24100112915039
2024-10-17,70.66999816894531,74.44999694824219,2.3469998836517334,39.650001525878906
2024-10-18,69.22000122070312,73.05999755859375,2.257999897003174,39.20399856567383
2024-10-21,70.55999755859375,74.29000091552734,2.312000036239624,40.02399826049805
2024-10-22,72.08999633789062,76.04000091552734,2.311000108718872,40.70399856567383
2024-10-23,70.7699966430664,74.95999908447266,2.3420000076293945,41.380001068115234
2024-10-24,70.19000244140625,74.37999725341797,2.5220000743865967,42.15399932861328
2024-10-25,71.77999877929688,76.05000305175781,2.559999942779541,43.51300048828125
2024-10-28,67.37999725341797,71.41999816894531,2.309000015258789,42.51900100708008
2024-10-29,67.20999908447266,71.12000274658203,2.3459999561309814,42.86899948120117
2024-10-30,68.61000061035156,72.55000305175781,2.8450000286102295,40.90299987792969
2024-10-31,69.26000213623047,73.16000366210938,2.7070000171661377,40.5880012512207
2024-11-01,69.48999786376953,73.0999984741211,2.6630001068115234,39.17499923706055
2024-11-04,71.47000122070312,75.08000183105469,2.7809998989105225,40.30099868774414
2024-11-05,71.98999786376953,75.52999877929688,2.6700000762939453,40.492000579833984
2024-11-06,71.69000244140625,74.91999816894531,2.746999979019165,40.38800048828125
2024-11-07,72.36000061035156,75.62999725341797,2.693000078201294,41.2760009765625
2024-11-08,70.37999725341797,73.87000274658203,2.6689999103546143,42.409000396728516
2024-11-11,68.04000091552734,71.83000183105469,2.9200000762939453,43.72800064086914
2024-11-12,68.12000274658203,71.88999938964844,2.9070000648498535,44.255001068115234
2024-11-13,68.43000030517578,72.27999877929688,2.9830000400543213,43.66600036621094
2024-11-14,68.69999694824219,72.55999755859375,2.7850000858306885,46.2239990234375
2024-11-15,67.0199966430664,71.04000091552734,2.822999954223633,46.55099868774414
2024-11-18,69.16000366210938,73.30000305175781,2.9730000495910645,46.900001525878906
2024-11-19,69.38999938964844,73.30999755859375,2.997999906539917,45.667999267578125
2024-11-20,68.87000274658203,72.80999755859375,3.193000078201294,46.79600143432617
2024-11-21,70.0999984741211,74.2300033569336,3.3389999866485596,48.303001403808594
2024-11-22,71.23999786376953,75.16999816894531,3.128999948501587,47.018001556396484
2024-11-25,68.94000244140625,73.01000213623047,3.36899995803833,47.733001708984375
2024-11-26,68.7699966430664,72.80999755859375,3.430999994277954,47.215999603271484
2024-11-27,68.72000122070312,72.83000183105469,3.2039999961853027,46.762001037597656
2024-11-29,68.0,72.94000244140625,3.36299991607666,47.81100082397461
2024-12-02,68.0999984741211,71.83000183105469,3.2130000591278076,48.654998779296875
2024-12-03,69.94000244140625,73.62000274658203,3.0420000553131104,48.55699920654297
2024-12-04,68.54000091552734,72.30999755859375,3.0429999828338623,47.04600143432617
2024-12-05,68.30000305175781,72.08999633789062,3.0789999961853027,46.55099868774414
2024-12-06,67.19999694824219,71.12000274658203,3.0759999752044678,46.47999954223633
2024-12-09,68.37000274658203,72.13999938964844,3.181999921798706,44.85499954223633
2024-12-10,68.58999633789062,72.19000244140625,3.1630001068115234,45.551998138427734
2024-12-11,70.29000091552734,73.5199966430664,3.378000020980835,44.694000244140625
2024-12-12,70.0199966430664,73.41000366210938,3.4549999237060547,42.80400085449219
2024-12-13,71.29000091552734,74.48999786376953,3.2799999713897705,41.21500015258789
2024-12-16,70.70999908447266,73.91000366210938,3.2139999866485596,40.277000427246094
2024-12-17,70.08000183105469,73.19000244140625,3.308000087738037,42.064998626708984
2024-12-18,70.58000183105469,73.38999938964844,3.374000072479248,41.00699996948242
2024-12-19,69.91000366210938,72.87999725341797,3.5840001106262207,43.077999114990234
2024-12-20,69.45999908447266,72.94000244140625,3.747999906539917,44.130001068115234
2024-12-23,69.23999786376953,72.62999725341797,3.6559998989105225,45.54499816894531
2024-12-24,70.0999984741211,73.58000183105469,3.946000099182129,45.73099899291992
2024-12-26,69.62000274658203,73.26000213623047,3.7149999141693115,45.73099899291992
2024-12-27,70.5999984741211,74.16999816894531,3.5139999389648438,47.73099899291992
2024-12-30,70.98999786376953,74.38999938964844,3.936000108718872,47.632999420166016
2024-12-31,71.72000122070312,74.63999938964844,3.632999897003174,48.888999938964844
2025-01-02,73.12999725341797,75.93000030517578,3.6600000858306885,50.27299880981445
2025-01-03,73.95999908447266,76.51000213623047,3.3540000915527344,49.62200164794922
2025-01-06,73.55999755859375,76.30000305175781,3.671999931335449,47.32600021362305
2025-01-07,74.25,77.05000305175781,3.4489998817443848,47.4739990234375
2025-01-08,73.31999969482422,76.16000366210938,3.6510000228881836,45.558998107910156
2025-01-09,73.91999816894531,76.91999816894531,3.7009999752044678,44.98699951171875
2025-01-10,76.56999969482422,79.76000213623047,3.989000082015991,45.007999420166016
2025-01-13,78.81999969482422,81.01000213623047,3.934000015258789,48.26100158691406
2025-01-14,77.5,79.91999816894531,3.9679999351501465,46.946998596191406
2025-01-15,80.04000091552734,82.02999877929688,4.083000183105469,47.00600051879883
2025-01-16,78.68000030517578,81.29000091552734,4.257999897003174,46.24100112915039
2025-01-17,77.87999725341797,80.79000091552734,3.947999954223633,46.887001037597656
2025-01-21,75.88999938964844,79.29000091552734,3.75600004196167,50.027000427246094
2025-01-22,75.44000244140625,79.0,3.9600000381469727,48.715999603271484
2025-01-23,74.62000274658203,78.29000091552734,3.944999933242798,49.12300109863281
2025-01-24,74.66000366210938,78.5,4.0269999504089355,49.70199966430664
2025-01-27,73.16999816894531,77.08000183105469,3.697000026702881,47.86199951171875
2025-01-28,73.7699966430664,77.48999786376953,3.4709999561309814,48.2239990234375
2025-01-29,72.62000274658203,76.58000183105469,3.5350000858306885,51.15599822998047
2025-01-30,72.7300033569336,76.87000274658203,3.046999931335449,51.72600173950195
2025-01-31,72.52999877929688,76.76000213623047,3.0439999103546143,53.23699951171875
2025-02-03,73.16000366210938,75.95999908447266,3.3519999980926514,53.79399871826172
2025-02-04,72.69999694824219,76.19999694824219,3.253000020980835,52.04800033569336
2025-02-05,71.02999877929688,74.61000061035156,3.359999895095825,53.4379997253418
2025-02-06,70.61000061035156,74.29000091552734,3.4079999923706055,54.50199890136719
2025-02-07,71.0,74.66000366210938,3.309000015258789,55.722999572753906
2025-02-10,72.31999969482422,75.87000274658203,3.444000005722046,58.03900146484375
2025-02-11,73.31999969482422,77.0,3.5190000534057617,57.76599884033203
2025-02-12,71.37000274658203,75.18000030517578,3.565000057220459,55.6609992980957
2025-02-13,71.29000091552734,75.0199966430664,3.628000020980835,51.382999420166016
2025-02-14,70.73999786376953,74.73999786376953,3.7249999046325684,50.685001373291016
2025-02-18,71.8499984741211,75.83999633789062,4.006999969482422,49.21500015258789
2025-02-19,72.25,76.04000091552734,4.28000020980835,48.263999938964844
2025-02-20,72.56999969482422,76.4800033569336,4.1519999504089355,47.49399948120117
2025-02-21,70.4000015258789,74.43000030517578,4.234000205993652,47.19499969482422
2025-02-24,70.69999694824219,74.77999877929688,3.99399995803833,47.14400100708008
2025-02-25,68.93000030517578,73.0199966430664,4.173999786376953,44.29100036621094
2025-02-26,68.62000274658203,72.52999877929688,3.9059998989105225,41.33599853515625
2025-02-27,70.3499984741211,74.04000091552734,3.934000015258789,44.93000030517578
2025-02-28,69.76000213623047,73.18000030517578,3.8340001106262207,44.31999969482422
2025-03-03,68.37000274658203,71.62000274658203,4.122000217437744,45.2130012512207
2025-03-04,68.26000213623047,71.04000091552734,4.349999904632568,43.4640007019043
2025-03-05,66.30999755859375,69.30000305175781,4.449999809265137,41.507999420166016
2025-03-06,66.36000061035156,69.45999908447266,4.302000045776367,38.2400016784668
2025-03-07,67.04000091552734,70.36000061035156,4.39900016784668,39.97100067138672
2025-03-10,66.02999877929688,69.27999877929688,4.491000175476074,41.231998443603516
2025-03-11,66.25,69.55999755859375,4.453000068664551,42.709999084472656
2025-03-12,67.68000030517578,70.94999694824219,4.084000110626221,42.25400161743164
2025-03-13,66.55000305175781,69.87999725341797,4.111000061035156,42.07600021362305
2025-03-14,67.18000030517578,70.58000183105469,4.104000091552734,42.290000915527344
2025-03-17,67.58000183105469,71.06999969482422,4.01800012588501,41.24800109863281
2025-03-18,66.9000015258789,70.55999755859375,4.052000045776367,40.755001068115234
2025-03-19,67.16000366210938,70.77999877929688,4.247000217437744,43.35499954223633
2025-03-20,68.26000213623047,72.0,3.9749999046325684,42.85499954223633
2025-03-21,68.27999877929688,72.16000366210938,3.9800000190734863,42.60499954223633
2025-03-24,69.11000061035156,73.0,3.9140000343322754,42.74800109863281
2025-03-25,69.0,73.0199966430664,3.8399999141693115,41.55500030517578
2025-03-26,69.6500015258789,73.79000091552734,3.8610000610351562,40.869998931884766
2025-03-27,69.91999816894531,74.02999877929688,3.950000047683716,41.20199966430664
2025-03-28,69.36000061035156,73.62999725341797,4.065000057220459,40.58700180053711
2025-03-31,71.4800033569336,74.73999786376953,4.11899995803833,40.66699981689453
2025-04-01,71.19999694824219,74.48999786376953,3.9509999752044678,42.45000076293945
2025-04-02,71.70999908447266,74.94999694824219,4.054999828338623,41.26300048828125
2025-04-03,66.94999694824219,70.13999938964844,4.138000011444092,39.202999114990234
2025-04-04,61.9900016784668,65.58000183105469,3.8369998931884766,36.4010009765625
2025-04-07,60.70000076293945,64.20999908447266,3.6549999713897705,37.0
2025-04-08,59.58000183105469,62.81999969482422,3.4649999141693115,36.23099899291992
2025-04-09,62.349998474121094,65.4800033569336,3.815999984741211,33.66600036621094
2025-04-10,60.06999969482422,63.33000183105469,3.556999921798706,33.292999267578125
2025-04-11,61.5,64.76000213623047,3.5269999504089355,33.4630012512207
2025-04-14,61.529998779296875,64.87999725341797,3.325000047683716,34.499000549316406
2025-04-15,61.33000183105469,64.66999816894531,3.3289999961853027,34.40700149536133
2025-04-16,62.470001220703125,65.8499984741211,3.246999979019165,35.3120002746582
2025-04-17,64.68000030517578,67.95999908447266,3.244999885559082,35.65700149536133
2025-04-21,63.08000183105469,66.26000213623047,3.0160000324249268,35.65700149536133
2025-04-22,64.30999755859375,67.44000244140625,3.006999969482422,34.24399948120117
2025-04-23,62.27000045776367,66.12000274658203,3.0220000743865967,34.15999984741211
2025-04-24,62.790000915527344,66.55000305175781,2.930000066757202,33.57400131225586
2025-04-25,63.02000045776367,66.87000274658203,2.937000036239624,32.43199920654297
2025-04-28,62.04999923706055,65.86000061035156,3.1700000762939453,32.39799880981445
2025-04-29,60.41999816894531,64.25,3.385999917984009,31.856000900268555
2025-04-30,58.209999084472656,63.119998931884766,3.3259999752044678,32.31700134277344
2025-05-01,59.2400016784668,62.130001068115234,3.4790000915527344,32.14899826049805
2025-05-02,58.290000915527344,61.290000915527344,3.630000114440918,33.077999114990234
2025-05-05,57.130001068115234,60.22999954223633,3.549999952316284,32.93000030517578
2025-05-06,59.09000015258789,62.150001525878906,3.4630000591278076,34.74300003051758
2025-05-07,58.06999969482422,61.119998931884766,3.621000051498413,34.53099822998047
2025-05-08,59.90999984741211,62.84000015258789,3.5920000076293945,35.340999603271484
2025-05-09,61.02000045776367,63.90999984741211,3.7950000762939453,34.61800003051758
2025-05-12,61.95000076293945,64.95999908447266,3.6459999084472656,35.38999938964844
2025-05-13,63.66999816894531,66.62999725341797,3.6470000743865967,35.74399948120117
2025-05-14,63.150001525878906,66.08999633789062,3.492000102996826,35.04800033569336
2025-05-15,61.619998931884766,64.52999877929688,3.361999988555908,35.29399871826172
2025-05-16,62.4900016784668,65.41000366210938,3.3340001106262207,35.15599822998047
2025-05-19,62.689998626708984,65.54000091552734,3.11299991607666,35.224998474121094
2025-05-20,62.560001373291016,65.37999725341797,3.427000045776367,36.979000091552734
2025-05-21,61.56999969482422,64.91000366210938,3.368000030517578,36.62099838256836
2025-05-22,61.20000076293945,64.44000244140625,3.253000020980835,36.35599899291992
2025-05-23,61.529998779296875,64.77999877929688,3.3340001106262207,36.45000076293945
2025-05-27,60.88999938964844,64.08999633789062,3.3980000019073486,37.00600051879883
2025-05-28,61.84000015258789,64.9000015258789,3.2039999961853027,36.6870002746582
2025-05-29,60.939998626708984,64.1500015258789,3.5220000743865967,35.15800094604492
2025-05-30,60.790000915527344,63.900001525878906,3.447000026702881,34.22800064086914
2025-06-02,62.52000045776367,64.62999725341797,3.694000005722046,35.01499938964844
2025-06-03,63.40999984741211,65.62999725341797,3.7219998836517334,35.847999572753906
2025-06-04,62.849998474121094,64.86000061035156,3.7160000801086426,35.650001525878906
2025-06-05,63.369998931884766,65.33999633789062,3.677000045776367,36.393001556396484
2025-06-06,64.58000183105469,66.47000122070312,3.7839999198913574,36.250999450683594
2025-06-09,65.29000091552734,67.04000091552734,3.634999990463257,35.60499954223633
2025-06-10,64.9800033569336,66.87000274658203,3.5329999923706055,34.63800048828125
2025-06-11,68.1500015258789,69.7699966430664,3.506999969482422,35.91299819946289
2025-06-12,68.04000091552734,69.36000061035156,3.492000102996826,36.176998138427734
2025-06-13,72.9800033569336,74.2300033569336,3.5810000896453857,37.89400100708008
2025-06-16,71.7699966430664,73.2300033569336,3.747999906539917,37.90599822998047
2025-06-17,74.83999633789062,76.44999694824219,3.8510000705718994,39.308998107910156
2025-06-18,75.13999938964844,76.69999694824219,3.989000082015991,38.69300079345703
2025-06-20,74.93000030517578,77.01000213623047,3.8469998836517334,40.92900085449219
2025-06-23,68.51000213623047,71.4800033569336,3.697999954223633,40.52199935913086
2025-06-24,64.37000274658203,67.13999938964844,3.5369999408721924,35.6150016784668
2025-06-25,64.91999816894531,67.68000030517578,3.4059998989105225,35.4010009765625
2025-06-26,65.23999786376953,67.7300033569336,3.260999917984009,34.02399826049805
2025-06-27,65.5199966430664,67.7699966430664,3.739000082015991,33.08700180053711
2025-06-30,65.11000061035156,67.61000061035156,3.4560000896453857,32.89799880981445
2025-07-01,65.44999694824219,67.11000061035156,3.4149999618530273,33.69300079345703
2025-07-02,67.44999694824219,69.11000061035156,3.48799991607666,33.590999603271484
2025-07-03,67.0,68.80000305175781,3.4089999198913574,33.62099838256836
2025-07-04,66.5,68.29000091552734,3.38700008392334,33.43000030517578
2025-07-07,67.93000030517578,69.58000183105469,3.4119999408721924,33.62099838256836
2025-07-08,68.33000183105469,70.1500015258789,3.3399999141693115,34.21900177001953
2025-07-09,68.37999725341797,70.19000244140625,3.2139999866485596,34.30400085449219
2025-07-10,66.56999969482422,68.63999938964844,3.3369998931884766,35.16999816894531
2025-07-11,68.44999694824219,70.36000061035156,3.313999891281128,35.56100082397461
2025-07-14,66.9800033569336,69.20999908447266,3.4660000801086426,35.45399856567383
2025-07-15,66.5199966430664,68.70999908447266,3.5230000019073486,34.44499969482422
2025-07-16,66.37999725341797,68.5199966430664,3.5510001182556152,34.808998107910156
2025-07-17,67.54000091552734,69.5199966430664,3.5420000553131104,34.40700149536133
2025-07-18,67.33999633789062,69.27999877929688,3.565000057220459,33.595001220703125
2025-07-21,67.19999694824219,69.20999908447266,3.325000047683716,33.159000396728516
2025-07-22,66.20999908447266,68.58999633789062,3.252000093460083,33.111000061035156
2025-07-23,65.25,68.51000213623047,3.0769999027252197,32.689998626708984
2025-07-24,66.02999877929688,69.18000030517578,3.0940001010894775,32.358001708984375
2025-07-25,65.16000366210938,68.44000244140625,3.109999895095825,32.499000549316406
2025-07-28,66.70999908447266,70.04000091552734,2.98799991607666,32.89899826049805
2025-07-29,69.20999908447266,72.51000213623047,3.0810000896453857,34.10300064086914
2025-07-30,70.0,73.23999786376953,3.0450000762939453,34.5369987487793
2025-07-31,69.26000213623047,72.52999877929688,3.1059999465942383,35.27899932861328
2025-08-01,67.33000183105469,69.66999816894531,3.0829999446868896,33.97200012207031
2025-08-04,66.29000091552734,68.76000213623047,2.931999921798706,34.28300094604492
2025-08-05,65.16000366210938,67.63999938964844,3.009999990463257,34.40599822998047
2025-08-06,64.3499984741211,66.88999938964844,3.0769999027252197,33.25699996948242
2025-08-07,63.880001068115234,66.43000030517578,3.066999912261963,32.95100021362305
2025-08-08,63.880001068115234,66.58999633789062,2.990000009536743,32.44599914550781
2025-08-11,63.959999084472656,66.62999725341797,2.9539999961853027,32.999000549316406
2025-08-12,63.16999816894531,66.12000274658203,2.808000087738037,32.409000396728516
2025-08-13,62.650001525878906,65.62999725341797,2.828000068664551,32.599998474121094
2025-08-14,63.959999084472656,66.83999633789062,2.8410000801086426,32.14099884033203
2025-08-15,62.79999923706055,65.8499984741211,2.9159998893737793,31.0310001373291
2025-08-18,63.41999816894531,66.5999984741211,2.890000104904175,31.27199935913086
2025-08-19,62.349998474121094,65.79000091552734,2.7660000324249268,31.226999282836914
2025-08-20,63.209999084472656,66.83999633789062,2.752000093460083,31.9060001373291
2025-08-21,63.52000045776367,67.66999816894531,2.8259999752044678,33.17499923706055
2025-08-22,63.65999984741211,67.7300033569336,2.697999954223633,33.573001861572266
2025-08-25,64.80000305175781,68.80000305175781,2.696000099182129,33.77399826049805
2025-08-26,63.25,67.22000122070312,2.7170000076293945,33.459999084472656
2025-08-27,64.1500015258789,68.05000305175781,2.867000102996826,32.55099868774414
2025-08-28,64.5999984741211,68.62000274658203,2.944000005722046,31.55900001525879
2025-08-29,64.01000213623047,68.12000274658203,2.996999979019165,31.621999740600586
2025-09-02,65.58999633789062,69.13999938964844,3.009000062942505,31.77199935913086
2025-09-03,63.970001220703125,67.5999984741211,3.063999891281128,32.11199951171875
2025-09-04,63.47999954223633,66.98999786376953,3.0739998817443848,32.4119987487793
2025-09-05,61.869998931884766,65.5,3.0480000972747803,31.9689998626709
2025-09-08,62.2599983215332,66.0199966430664,3.0899999141693115,33.06399917602539
2025-09-09,62.630001068115234,66.38999938964844,3.117000102996826,32.930999755859375
2025-09-10,63.66999816894531,67.48999786376953,3.0290000438690186,33.12200164794922
2025-09-11,62.369998931884766,66.37000274658203,2.934000015258789,32.323001861572266
2025-09-12,62.689998626708984,66.98999786376953,2.940999984741211,32.6619987487793
2025-09-15,63.29999923706055,67.44000244140625,3.0429999828338623,32.15399932861328
2025-09-16,64.5199966430664,68.47000122070312,3.1029999256134033,32.32899856567383
2025-09-17,64.05000305175781,67.94999694824219,3.0999999046325684,32.4010009765625
2025-09-18,63.56999969482422,67.44000244140625,2.938999891281128,32.95199966430664
2025-09-19,62.68000030517578,66.68000030517578,2.888000011444092,32.30799865722656
2025-09-22,62.63999938964844,66.56999969482422,2.805999994277954,31.8439998626709
2025-09-23,63.40999984741211,67.62999725341797,2.8529999256134033,32.26499938964844
2025-09-24,64.98999786376953,69.30999755859375,2.8580000400543213,31.902999877929688
2025-09-25,64.9800033569336,69.41999816894531,2.9040000438690186,32.45600128173828
2025-09-26,65.72000122070312,70.12999725341797,2.8350000381469727,32.696998596191406
2025-09-29,63.45000076293945,67.97000122070312,3.2669999599456787,32.060001373291016
2025-09-30,62.369998931884766,67.0199966430664,3.302999973297119,31.410999298095703
2025-10-01,61.779998779296875,65.3499984741211,3.4760000705718994,31.334999084472656
2025-10-02,60.47999954223633,64.11000061035156,3.441999912261963,31.454999923706055
2025-10-03,60.880001068115234,64.52999877929688,3.3239998817443848,31.437999725341797
2025-10-06,61.689998626708984,65.47000122070312,3.3570001125335693,33.11600112915039
2025-10-07,61.72999954223633,65.44999694824219,3.497999906539917,33.24599838256836
2025-10-08,62.54999923706055,66.25,3.3329999446868896,32.70000076293945
2025-10-09,61.5099983215332,65.22000122070312,3.2690000534057617,32.362998962402344
2025-10-10,58.900001525878906,62.72999954223633,3.1059999465942383,32.16999816894531
2025-10-13,59.4900016784668,63.31999969482422,3.118000030517578,31.475000381469727
2025-10-14,58.70000076293945,62.38999938964844,3.0280001163482666,31.801000595092773
2025-10-15,58.27000045776367,61.90999984741211,3.0160000324249268,31.826000213623047
2025-10-16,57.459999084472656,61.060001373291016,2.937999963760376,32.37799835205078
2025-10-17,57.540000915527344,61.290000915527344,3.007999897003174,31.81599998474121
2025-10-20,57.52000045776367,61.0099983215332,3.3970000743865967,31.73900032043457
2025-10-21,57.81999969482422,61.31999969482422,3.4739999771118164,32.20000076293945
2025-10-22,58.5,62.59000015258789,3.450000047683716,31.76799964904785
2025-10-23,61.790000915527344,65.98999786376953,3.3440001010894775,32.45399856567383
2025-10-24,61.5,65.94000244140625,3.303999900817871,32.01599884033203
2025-10-27,61.310001373291016,65.62000274658203,3.441999912261963,31.399999618530273
2025-10-28,60.150001525878906,64.4000015258789,3.3450000286102295,31.493999481201172
2025-10-29,60.47999954223633,64.91999816894531,3.375999927520752,31.868999481201172
2025-10-30,60.56999969482422,65.0,3.9560000896453857,31.04800033569336
2025-10-31,60.97999954223633,65.06999969482422,4.124000072479248,31.121999740600586
2025-11-03,61.04999923706055,64.88999938964844,4.265999794006348,31.740999221801758
2025-11-04,60.560001373291016,64.44000244140625,4.3429999351501465,32.55099868774414
2025-11-05,59.599998474121094,63.52000045776367,4.23199987411499,31.819000244140625
2025-11-06,59.43000030517578,63.380001068115234,4.35699987411499,31.54800033569336
2025-11-07,59.75,63.630001068115234,4.315000057220459,31.201000213623047
2025-11-10,60.130001068115234,64.05999755859375,4.3379998207092285,31.070999145507812
2025-11-11,61.040000915527344,65.16000366210938,4.565000057220459,31.101999282836914
2025-11-12,58.4900016784668,62.709999084472656,4.5329999923706055,30.933000564575195
2025-11-13,58.689998626708984,63.0099983215332,4.645999908447266,30.45800018310547
2025-11-14,60.09000015258789,64.38999938964844,4.565999984741211,31.25
2025-11-17,59.90999984741211,64.19999694824219,4.361000061035156,31.417999267578125
2025-11-18,60.7400016784668,64.88999938964844,4.370999813079834,31.694000244140625
2025-11-19,59.439998626708984,63.5099983215332,4.550000190734863,30.940000534057617
2025-11-20,59.13999938964844,63.380001068115234,4.473999977111816,31.159000396728516
2025-11-21,58.060001373291016,62.560001373291016,4.579999923706055,30.197999954223633
2025-11-24,58.84000015258789,63.369998931884766,4.548999786376953,29.746999740600586
2025-11-25,57.95000076293945,62.47999954223633,4.423999786376953,29.38599967956543
2025-11-26,58.650001525878906,63.130001068115234,4.558000087738037,29.368000030517578
2025-11-28,58.54999923706055,63.20000076293945,4.849999904632568,28.816999435424805
2025-12-01,59.31999969482422,63.16999816894531,4.921000003814697,28.226999282836914
2025-12-02,58.63999938964844,62.45000076293945,4.840000152587891,28.049999237060547
2025-12-03,58.95000076293945,62.66999816894531,4.994999885559082,28.20599937438965
2025-12-04,59.66999816894531,63.2599983215332,5.063000202178955,27.08799934387207
2025-12-05,60.08000183105469,63.75,5.289000034332275,27.266000747680664
2025-12-08,58.880001068115234,62.4900016784668,4.9120001792907715,26.871000289916992
2025-12-09,58.25,61.939998626708984,4.573999881744385,27.48900032043457
2025-12-10,58.459999084472656,62.209999084472656,4.59499979019165,26.601999282836914
2025-12-11,57.599998474121094,61.279998779296875,4.230999946594238,26.80500030517578
2025-12-12,57.439998626708984,61.119998931884766,4.11299991607666,27.68400001525879
2025-12-15,56.81999969482422,60.560001373291016,4.01200008392334,27.424999237060547
2025-12-16,55.27000045776367,58.91999816894531,3.885999917984009,26.763999938964844
2025-12-17,55.939998626708984,59.68000030517578,4.02400016784668,27.35700035095215
2025-12-18,56.150001525878906,59.81999969482422,3.9079999923706055,27.652000427246094
2025-12-19,56.65999984741211,60.470001220703125,3.9839999675750732,28.160999298095703
2025-12-22,58.0099983215332,62.06999969482422,3.9649999141693115,27.687000274658203
2025-12-23,58.380001068115234,62.380001068115234,4.4079999923706055,27.73200035095215
2025-12-24,58.349998474121094,62.2400016784668,4.242000102996826,28.094999313354492
2025-12-26,56.7400016784668,60.63999938964844,4.366000175476074,28.094999313354492
2025-12-29,58.08000183105469,61.939998626708984,4.686999797821045,28.534000396728516
2025-12-30,57.95000076293945,61.91999816894531,3.9719998836517334,27.766000747680664
2025-12-31,57.41999816894531,60.849998474121094,3.686000108718872,28.160999298095703
2026-01-02,57.31999969482422,60.75,3.618000030517578,29.003999710083008
2026-01-05,58.31999969482422,61.7599983215332,3.5230000019073486,27.39900016784668
2026-01-06,57.130001068115234,60.70000076293945,3.3499999046325684,28.07200050354004
2026-01-07,55.9900016784668,59.959999084472656,3.5250000953674316,28.777000427246094
2026-01-08,57.7599983215332,61.9900016784668,3.4070000648498535,27.698999404907227
2026-01-09,59.119998931884766,63.34000015258789,3.1689999103546143,28.374000549316406
2026-01-12,59.5,63.869998931884766,3.4089999198913574,30.246000289916992
2026-01-13,61.150001525878906,65.47000122070312,3.4189999103546143,31.472999572753906
2026-01-14,62.02000045776367,66.5199966430664,3.119999885559082,31.812999725341797
2026-01-15,59.189998626708984,63.7599983215332,3.128000020980835,33.15800094604492
2026-01-16,59.439998626708984,64.12999725341797,3.1029999256134033,36.87900161743164
2026-01-20,60.34000015258789,64.91999816894531,3.9070000648498535,35.887001037597656
2026-01-21,60.619998931884766,65.23999786376953,4.875,39.20800018310547
2026-01-22,59.36000061035156,64.05999755859375,5.045000076293945,38.07899856567383
2026-01-23,61.06999969482422,65.87999725341797,5.275000095367432,40.03900146484375
2026-01-26,60.630001068115234,65.58999633789062,6.800000190734863,39.11199951171875
2026-01-27,62.38999938964844,67.56999969482422,6.953999996185303,38.76100158691406
2026-01-28,63.209999084472656,68.4000015258789,7.460000038146973,38.861000061035156
2026-01-29,65.41999816894531,70.70999908447266,3.9179999828338623,40.112998962402344
2026-01-30,65.20999908447266,70.69000244140625,4.354000091552734,39.28499984741211
2026-02-02,62.13999938964844,66.30000305175781,3.236999988555908,33.94499969482422
2026-02-03,63.209999084472656,67.33000183105469,3.311000108718872,32.86000061035156
2026-02-04,65.13999938964844,69.45999908447266,3.4649999141693115,33.500999450683594
2026-02-05,63.290000915527344,67.55000305175781,3.509000062942505,33.73500061035156
2026-02-06,63.54999923706055,68.05000305175781,3.421999931335449,35.694000244140625
2026-02-09,64.36000061035156,69.04000091552734,3.138000011444092,33.49599838256836
2026-02-10,63.959999084472656,68.80000305175781,3.115000009536743,31.84600067138672
2026-02-11,64.62999725341797,69.4000015258789,3.1589999198913574,32.16699981689453
2026-02-12,62.84000015258789,67.5199966430664,3.2170000076293945,32.99399948120117
2026-02-13,62.88999938964844,67.75,3.243000030517578,32.5
2026-02-17,62.33000183105469,67.41999816894531,3.0309998989105225,29.82200050354004
2026-02-18,65.19000244140625,70.3499984741211,3.010999917984009,31.481000900268555
2026-02-19,66.43000030517578,71.66000366210938,2.996000051498413,33.52299880981445
2026-02-20,66.38999938964844,71.76000213623047,3.046999931335449,32.02899932861328
2026-02-23,66.30999755859375,71.48999786376953,2.984999895095825,31.833999633789062
2026-02-24,65.62999725341797,70.7699966430664,2.9149999618530273,30.891000747680664
2026-02-25,65.41999816894531,70.8499984741211,2.9690001010894775,31.049999237060547
2026-02-26,65.20999908447266,70.75,2.8269999027252197,32.2239990234375
2026-02-27,67.0199966430664,72.4800033569336,2.8589999675750732,31.958999633789062
2026-03-02,71.2300033569336,77.73999786376953,2.9600000381469727,44.50600051879883
2026-03-03,74.55999755859375,81.4000015258789,3.053999900817871,54.290000915527344
2026-03-04,74.66000366210938,81.4000015258789,2.9170000553131104,48.766998291015625
2026-03-05,81.01000213623047,85.41000366210938,3.003000020980835,50.73099899291992
2026-03-06,90.9000015258789,92.69000244140625,3.186000108718872,53.3849983215332
2026-03-09,94.7699966430664,98.95999908447266,3.119999885559082,56.452999114990234
2026-03-10,83.44999694824219,87.80000305175781,3.0199999809265137,47.393001556396484
2026-03-11,87.25,91.9800033569336,3.2090001106262207,49.98899841308594
2026-03-12,95.7300033569336,100.45999908447266,3.2330000400543213,50.869998931884766
2026-03-13,98.70999908447266,103.13999938964844,3.13100004196167,50.1150016784668
2026-03-16,93.5,100.20999908447266,3.0230000019073486,50.887001037597656
2026-03-17,96.20999908447266,103.41999816894531,3.0329999923706055,51.558998107910156
2026-03-18,96.31999969482422,107.37999725341797,3.065000057220459,54.6619987487793
2026-03-19,96.13999938964844,108.6500015258789,3.1659998893737793,61.85200119018555
2026-03-20,98.31999969482422,112.19000244140625,3.0950000286102295,59.255001068115234
2026-03-23,88.12999725341797,99.94000244140625,2.8910000324249268,56.68299865722656
2026-03-24,92.3499984741211,104.48999786376953,2.943000078201294,54.04100036621094
2026-03-25,90.31999969482422,102.22000122070312,2.9519999027252197,52.816001892089844
2026-03-26,94.4800033569336,108.01000213623047,2.999000072479248,55.21799850463867
2026-03-27,99.63999938964844,112.56999969482422,3.0950000286102295,54.176998138427734
2026-03-30,102.87999725341797,112.77999877929688,2.88700008392334,54.81399917602539
2026-03-31,101.37999725341797,118.3499984741211,2.884000062942505,50.75699996948242
2026-04-01,100.12000274658203,101.16000366210938,2.819000005722046,47.5099983215332
2026-04-02,111.54000091552734,109.02999877929688,2.799999952316284,50.04399871826172
2026-04-06,112.41000366210938,109.7699966430664,2.811000108718872,50.04399871826172
2026-04-07,112.94999694824219,109.2699966430664,2.869999885559082,53.24700164794922
2026-04-08,94.41000366210938,94.75,2.7239999771118164,45.30099868774414
2026-04-09,97.87000274658203,95.91999816894531,2.6700000762939453,46.17499923706055
2026-04-10,96.56999969482422,95.19999694824219,2.6480000019073486,43.63800048828125
2026-04-13,99.08000183105469,99.36000061035156,2.627000093460083,46.41299819946289
2026-04-14,91.27999877929688,94.79000091552734,2.5989999771118164,43.3650016784668
2026-04-15,91.29000091552734,94.93000030517578,2.609999895095825,41.39899826049805
2026-04-16,94.69000244140625,99.38999938964844,2.6470000743865967,42.422000885009766
2026-04-17,83.8499984741211,90.37999725341797,2.6740000247955322,38.76900100708008
2026-04-20,89.61000061035156,95.4800033569336,2.688999891281128,40.29199981689453
2026-04-21,92.12999725341797,98.4800033569336,2.697000026702881,41.930999755859375
2026-04-22,92.95999908447266,101.91000366210938,2.7219998836517334,43.551998138427734
2026-04-23,95.8499984741211,105.06999969482422,2.614000082015991,44.49599838256836
2026-04-24,94.4000015258789,105.33000183105469,2.5230000019073486,44.861000061035156
2026-04-27,96.37000274658203,108.2300033569336,2.549999952316284,44.645999908447266
2026-04-28,99.93000030517578,111.26000213623047,2.559000015258789,43.59400177001953
2026-04-29,106.87999725341797,118.02999877929688,2.6470000743865967,46.85300064086914
2026-04-30,105.06999969482422,114.01000213623047,2.7669999599456787,45.98699951171875
2026-05-01,101.94000244140625,108.16999816894531,2.7799999713897705,45.76599884033203
2026-05-04,106.41999816894531,114.44000244140625,2.867000102996826,48.143001556396484
2026-05-05,102.2699966430664,109.87000274658203,2.7880001068115234,46.92599868774414
2026-05-06,95.08000183105469,101.2699966430664,2.7300000190734863,43.902000427246094
2026-05-07,94.80999755859375,100.05999755859375,2.7690000534057617,43.56100082397461
2026-05-08,95.41999816894531,101.29000091552734,2.756999969482422,44.143001556396484
2026-05-11,98.06999969482422,104.20999908447266,2.9100000858306885,46.233001708984375
2026-05-12,102.18000030517578,107.7699966430664,2.8429999351501465,46.683998107910156
2026-05-13,101.0199966430664,105.62999725341797,2.864000082015991,46.91999816894531
2026-05-14,101.16999816894531,105.72000122070312,2.8940000534057617,47.654998779296875
2026-05-15,105.41999816894531,109.26000213623047,2.9600000381469727,50.16699981689453
2026-05-18,108.66000366210938,112.0999984741211,3.0239999294281006,50.25
2026-05-19,107.7699966430664,111.27999877929688,3.114000082015991,51.816001892089844
2026-05-20,98.26000213623047,105.0199966430664,3.003999948501587,49.42499923706055
2026-05-21,96.3499984741211,102.58000183105469,3.0179998874664307,49.40800094604492
2026-05-22,96.5999984741211,103.54000091552734,2.9070000648498535,48.68299865722656
2026-05-26,93.88999938964844,99.58000183105469,2.8940000534057617,47.47200012207031
2026-05-27,88.68000030517578,94.29000091552734,3.0399999618530273,46.41299819946289
2026-05-28,88.9000015258789,93.70999908447266,3.2850000858306885,46.92100143432617
2026-05-29,87.36000061035156,92.05000305175781,3.2899999618530273,46.000999450683594
2026-06-01,92.16000366210938,94.9800033569336,3.178999900817871,49.09000015258789
2026-06-02,93.76000213623047,96.0,3.1670000553131104,47.606998443603516
2026-06-03,96.0199966430664,97.80999755859375,3.2139999866485596,48.86399841308594
2026-06-04,93.04000091552734,95.02999877929688,3.3359999656677246,48.75199890136719
2026-06-05,90.54000091552734,93.08999633789062,3.2290000915527344,48.49599838256836
2026-06-08,91.30000305175781,94.25,3.1470000743865967,49.82600021362305
2026-06-09,88.19999694824219,91.44999694824219,3.140000104904175,48.74399948120117
2026-06-10,90.02999877929688,93.0999984741211,3.184999942779541,49.98899841308594
2026-06-11,87.70999908447266,90.37999725341797,3.0869998931884766,49.689998626708984
2026-06-12,84.87999725341797,87.33000183105469,3.119999885559082,46.77299880981445
2026-06-15,80.75,83.16999816894531,3.1470000743865967,42.50699996948242
2026-06-16,76.05000305175781,78.95999908447266,3.239000082015991,41.76900100708008
2026-06-17,76.79000091552734,79.55000305175781,3.1449999809265137,41.915000915527344
2026-06-18,76.5999984741211,79.8499984741211,3.2330000400543213,40.52299880981445
2026-06-22,74.81999969482422,77.9000015258789,3.253000020980835,41.887001037597656
2026-06-23,73.20999908447266,77.08000183105469,3.1470000743865967,42.013999938964844
2026-06-24,70.33999633789062,73.73999786376953,3.2209999561309814,40.875999450683594
2026-06-25,71.91999816894531,75.26000213623047,3.3429999351501465,40.404998779296875
2026-06-26,69.2300033569336,71.98999786376953,3.2309999465942383,40.78200149536133
2026-06-29,70.75,73.1500015258789,3.180999994277954,42.564998626708984
2026-06-30,69.5,72.91999816894531,3.2750000953674316,43.444000244140625
2026-07-01,68.58000183105469,71.56999969482422,3.2200000286102295,42.77899932861328
2026-07-02,68.69000244140625,71.80000305175781,3.196000099182129,44.01499938964844
2026-07-06,68.55000305175781,71.98999786376953,3.244999885559082,44.13100051879883
2026-07-07,70.44000244140625,74.16000366210938,3.265000104904175,46.57600021362305
2026-07-08,73.5199966430664,78.0199966430664,3.2119998931884766,49.02199935913086
2026-07-09,72.08000183105469,76.30000305175781,3.01200008392334,50.10200119018555
2026-07-10,71.41000366210938,76.01000213623047,2.940000057220459,48.654998779296875
2026-07-13,78.13999938964844,83.30000305175781,2.8970000743865967,51.275001525878906
2026-07-14,79.33999633789062,84.7300033569336,2.9040000438690186,52.95899963378906
2026-07-15,79.5999984741211,84.94999694824219,2.9240000247955322,54.35300064086914
2026-07-16,78.94999694824219,84.2300033569336,2.8580000400543213,54.78499984741211
2026-07-17,82.48999786376953,88.0999984741211,2.9110000133514404,57.39500045776367
2026-07-20,83.2300033569336,89.22000122070312,2.859999895095825,58.742000579833984
2026-07-21,84.91000366210938,91.01000213623047,2.865000009536743,59.66299819946289
2026-07-22,86.83000183105469,94.06999969482422,2.924999952316284,62.5369987487793
2026-07-23,92.19000244140625,100.69000244140625,2.9159998893737793,61.89799880981445
2026-07-24,89.30999755859375,96.77999877929688,2.871000051498413,63.57500076293945
2026-07-27,82.61000061035156,88.36000061035156,2.7669999599456787,58.25299835205078
2026-07-28,79.26000213623047,84.08999633789062,2.6619999408721924,57.73699951171875
2026-07-29,84.45999908447266,90.73999786376953,2.7249999046325684,60.41999816894531
2026-07-30,83.58999633789062,89.02999877929688,2.757999897003174,58.180999755859375
2026-07-31,84.66999816894531,90.12000274658203,2.746999979019165,59.07099914550781
2026-08-03,80.33999633789062,83.7699966430664,2.7809998989105225,57.505001068115234
2026-08-04,75.7699966430664,79.36000061035156,2.681999921798706,55.92100143432617
2026-08-05,75.22000122070312,79.44999694824219,2.687999963760376,52.40399932861328
2026-08-06,77.29000091552734,82.48999786376953,2.640000104904175,55.76900100708008
2026-08-07,78.18000030517578,83.55000305175781,2.6619999408721924,55.54399871826172
