Date,SPY,IEV,TLT,GLD,USO
2023-08-07,434.21337890625,46.709510803222656,84.2475814819336,179.77999877929688,73.81999969482422
2023-08-08,432.32513427734375,46.52525329589844,85.22596740722656,178.63999938964844,74.05999755859375
2023-08-09,429.4349060058594,46.67266082763672,85.66669464111328,177.7899932861328,75.0999984741211
2023-08-10,429.5890197753906,46.875343322753906,84.25639343261719,177.60000610351562,74.19999694824219
2023-08-11,429.3385009765625,46.5068244934082,84.06246948242188,177.60000610351562,74.25
2023-08-14,431.70849609375,46.39626693725586,83.87740325927734,177.05999755859375,73.80999755859375
2023-08-15,426.67962646484375,45.797428131103516,83.36615753173828,176.58999633789062,72.62000274658203
2023-08-16,423.5486145019531,45.51183319091797,82.7138671875,175.57000732421875,71.37000274658203
2023-08-17,420.3211669921875,45.143314361572266,82.36133575439453,175.3000030517578,71.9800033569336
2023-08-18,420.5234680175781,45.09725570678711,82.65218353271484,175.3300018310547,72.79000091552734
2023-08-21,423.2595520019531,45.392059326171875,81.5503921508789,175.80999755859375,72.58000183105469
2023-08-22,422.11309814453125,45.244659423828125,82.17621612548828,176.10000610351562,72.27999877929688
2023-08-23,426.814453125,45.640811920166016,84.21234130859375,177.88999938964844,71.36000061035156
2023-08-24,420.89923095703125,44.986698150634766,83.65702056884766,177.85000610351562,71.41000366210938
2023-08-25,423.8664855957031,45.28151321411133,83.93025207519531,177.6199951171875,72.44999694824219
2023-08-28,426.5543518066406,45.77900314331055,84.0184326171875,178.1300048828125,72.41000366210938
2023-08-29,432.72015380859375,46.39626693725586,84.89105224609375,179.8699951171875,73.31999969482422
2023-08-30,434.5024108886719,46.36863708496094,84.80288696289062,180.32000732421875,73.66000366210938
2023-08-31,433.8666076660156,45.907989501953125,85.1819076538086,180.02000427246094,75.05999755859375
2023-09-01,434.6757507324219,45.76979064941406,83.85492706298828,180.11000061035156,76.91999816894531
2023-09-05,432.79718017578125,45.226234436035156,82.67906951904297,178.63999938964844,77.76000213623047
2023-09-06,429.8876953125,45.06039810180664,82.88241577148438,177.8300018310547,78.5199966430664
2023-09-07,428.5679016113281,44.94062805175781,83.1122817993164,178.02000427246094,77.94999694824219
2023-09-08,429.21331787109375,45.02354431152344,83.4305419921875,178.0800018310547,78.30000305175781
2023-09-11,432.0361328125,45.44734191894531,82.82939147949219,178.41000366210938,78.37000274658203
2023-09-12,429.6661071777344,45.21702194213867,83.30680084228516,177.49000549316406,79.69999694824219
2023-09-13,430.16705322265625,44.99591064453125,83.28909301757812,177.0800018310547,79.68000030517578
2023-09-14,433.8761901855469,45.548683166503906,82.68793487548828,177.1699981689453,81.12000274658203
2023-09-15,428.64874267578125,45.52104187011719,82.18399047851562,178.33999633789062,81.29000091552734
2023-09-18,428.900146484375,45.180171966552734,82.65257263183594,179.38999938964844,81.44999694824219
2023-09-19,428.0105895996094,45.226234436035156,82.04254913330078,179.22000122070312,81.5
2023-09-20,424.0757141113281,45.29072189331055,82.29893493652344,179.35000610351562,80.13999938964844
2023-09-21,417.0665588378906,44.6366081237793,80.18596649169922,178.0500030517578,80.41000366210938
2023-09-22,416.12872314453125,44.53526306152344,80.83135986328125,178.6199951171875,80.62999725341797
2023-09-25,417.87860107421875,44.24045181274414,78.84219360351562,177.6999969482422,80.38999938964844
2023-09-26,411.7393798828125,43.71531677246094,78.56810760498047,176.27999877929688,80.87999725341797
2023-09-27,411.90380859375,43.521846771240234,78.16143035888672,174.10000610351562,82.9000015258789
2023-09-28,414.291748046875,43.95484924316406,78.40013885498047,173.22999572753906,81.56999969482422
2023-09-29,413.2864074707031,43.97327423095703,78.40897369384766,171.4499969482422,80.86000061035156
2023-10-02,413.1219482421875,43.245452880859375,77.0964126586914,169.64999389648438,79.38999938964844
2023-10-03,407.5918884277344,42.775596618652344,75.43792724609375,169.16000366210938,79.93000030517578
2023-10-04,410.5599670410156,43.01512908935547,76.50220489501953,169.13999938964844,75.58999633789062
2023-10-05,410.4052429199219,43.28230667114258,76.12084197998047,168.8300018310547,73.98999786376953
2023-10-06,415.2779235839844,43.82586669921875,75.19847869873047,169.6999969482422,74.16000366210938
2023-10-09,417.9366149902344,43.71531677246094,76.96333312988281,172.82000732421875,77.12999725341797
2023-10-10,420.11187744140625,44.36943054199219,76.85692596435547,172.52999877929688,76.70999908447266
2023-10-11,421.83282470703125,44.69187927246094,78.46218872070312,173.7899932861328,75.66999816894531
2023-10-12,419.2611083984375,44.21281433105469,76.33367919921875,173.25999450683594,75.41999816894531
2023-10-13,417.1728515625,43.80744171142578,77.69947052001953,178.8300018310547,78.98999786376953
2023-10-16,421.5620422363281,44.20359802246094,76.448974609375,177.9600067138672,78.38999938964844
2023-10-17,421.5427551269531,44.13910675048828,75.60645294189453,178.2899932861328,78.80000305175781
2023-10-18,415.92559814453125,43.35601043701172,74.9412841796875,180.8699951171875,79.83999633789062
2023-10-19,412.27117919921875,43.005916595458984,73.40697479248047,183.08999633789062,81.68000030517578
2023-10-20,407.2052001953125,42.563697814941406,73.82382202148438,183.58999633789062,80.69999694824219
2023-10-23,406.4993591308594,42.65582275390625,74.71070098876953,182.97000122070312,78.88999938964844
2023-10-24,409.564208984375,42.821659088134766,75.69512176513672,182.9499969482422,76.93000030517578
2023-10-25,403.6860046386719,42.508419036865234,74.0100326538086,183.72000122070312,78.45999908447266
2023-10-26,398.8520202636719,42.28731155395508,75.145263671875,184.00999450683594,76.88999938964844
2023-10-27,397.0440979003906,41.94643020629883,74.82598876953125,186.14999389648438,78.36000061035156
2023-10-30,401.79107666015625,42.57291030883789,74.48896789550781,185.10000610351562,76.05000305175781
2023-10-31,404.3144226074219,42.62819290161133,74.12535858154297,184.08999633789062,75.0199966430664
2023-11-01,408.6263122558594,42.94143295288086,75.73255920410156,183.50999450683594,74.75
2023-11-02,416.4573669433594,43.82586669921875,77.45899963378906,184.1199951171875,76.18000030517578
2023-11-03,420.2569580078125,44.1298942565918,77.98406219482422,184.7899932861328,74.8499984741211
2023-11-06,421.2237243652344,44.03776550292969,77.22761535644531,183.35000610351562,74.91000366210938
2023-11-07,422.42254638671875,43.835086822509766,78.3667221069336,182.58999633789062,71.80000305175781
2023-11-08,422.7319030761719,44.04698181152344,79.70161437988281,180.77000427246094,70.19000244140625
2023-11-09,419.4351806640625,44.010128021240234,77.86836242675781,181.49000549316406,70.25
2023-11-10,425.9803161621094,44.21281433105469,78.30443572998047,179.50999450683594,71.79000091552734
2023-11-13,425.5743103027344,44.35100555419922,78.12644958496094,180.50999450683594,72.91999816894531
2023-11-14,433.8307800292969,45.53947067260742,79.89739227294922,182.1199951171875,72.69000244140625
2023-11-15,434.74920654296875,45.548683166503906,78.77607727050781,181.63999938964844,71.33999633789062
2023-11-16,435.2808837890625,45.48419189453125,79.7550277709961,183.69000244140625,68.05000305175781
2023-11-17,435.82232666015625,46.11066818237305,80.12879180908203,183.6699981689453,70.75
2023-11-20,439.1771240234375,46.28572082519531,80.61820983886719,183.3699951171875,72.30000305175781
2023-11-21,438.219970703125,46.16594314575195,80.5826187133789,185.35000610351562,72.52999877929688
2023-11-22,439.91192626953125,46.212013244628906,80.8674087524414,184.55999755859375,71.61000061035156
2023-11-24,440.18255615234375,46.68187713623047,79.91522216796875,185.52000427246094,70.81999969482422
2023-11-27,439.3898620605469,46.52525329589844,81.25008392333984,186.77000427246094,69.95999908447266
2023-11-28,439.8249206542969,46.51604080200195,81.4102783203125,189.25999450683594,71.26000213623047
2023-11-29,439.5154724121094,46.70030212402344,82.43370056152344,189.5399932861328,72.5199966430664
2023-11-30,441.2460632324219,46.65423583984375,81.48145294189453,188.75,70.13999938964844
2023-12-01,443.8564453125,47.09645462036133,83.0160903930664,192.00999450683594,69.23999786376953
2023-12-04,441.52642822265625,46.875343322753906,82.685791015625,187.86000061035156,68.47000122070312
2023-12-05,441.4394226074219,46.801639556884766,84.46232604980469,187.14999389648438,67.58000183105469
2023-12-06,439.66058349609375,46.755577087402344,85.58718872070312,187.83999633789062,64.76000213623047
2023-12-07,443.0152893066406,46.95825958251953,85.09617614746094,188.14999389648438,65.11000061035156
2023-12-08,444.919921875,47.207008361816406,84.39981842041016,185.63999938964844,66.52999877929688
2023-12-11,446.65045166015625,47.28071212768555,84.2212905883789,183.58999633789062,66.80000305175781
2023-12-12,448.6904296875,47.391265869140625,84.47125244140625,183.49000549316406,64.25
2023-12-13,454.8778991699219,48.03617477416992,86.453125,187.6300048828125,65.33000183105469
2023-12-14,456.3377990722656,48.459964752197266,88.7020492553711,188.72999572753906,67.16000366210938
2023-12-15,455.58642578125,47.94404220581055,88.8005599975586,187.0,67.1500015258789
2023-12-18,458.1491394042969,48.10065841674805,88.093017578125,187.85000610351562,68.08999633789062
2023-12-19,460.93505859375,48.570518493652344,88.56771850585938,189.1300048828125,69.36000061035156
2023-12-20,454.5478515625,47.98519515991211,89.16778564453125,188.10000610351562,68.79000091552734
2023-12-21,458.8577575683594,48.680904388427734,88.60355377197266,189.42999267578125,69.02999877929688
2023-12-22,459.7799377441406,48.7458381652832,88.20050048828125,190.27000427246094,68.69000244140625
2023-12-26,461.7213134765625,49.01484298706055,88.45128631591797,191.72000122070312,70.20999908447266
2023-12-27,462.55615234375,49.25602340698242,90.01859283447266,192.58999633789062,68.91999816894531
2023-12-28,462.7309265136719,48.968467712402344,89.36480712890625,191.47000122070312,67.18000030517578
2023-12-29,461.39129638671875,49.03339767456055,88.55876159667969,191.1699981689453,66.6500015258789
2024-01-02,458.8091735839844,48.476829528808594,88.04824829101562,190.72000122070312,65.7699966430664
2024-01-03,455.062255859375,48.08723449707031,88.41545867919922,189.1300048828125,68.19000244140625
2024-01-04,453.59649658203125,48.33769226074219,87.07201385498047,189.32000732421875,67.56999969482422
2024-01-05,454.2177734375,48.28203582763672,86.2391128540039,189.35000610351562,69.02999877929688
2024-01-08,460.70208740234375,48.80149459838867,87.08992004394531,187.8699951171875,66.4000015258789
2024-01-09,460.0032043457031,48.29130935668945,86.53465270996094,187.92999267578125,67.38999938964844
2024-01-10,462.6047058105469,48.46755599975586,86.13162231445312,187.5,66.55999755859375
2024-01-11,462.40087890625,48.31913375854492,86.6152572631836,187.8699951171875,67.6500015258789
2024-01-12,462.7212219238281,48.421173095703125,86.44507598876953,189.7100067138672,68.0199966430664
2024-01-16,461.0224609375,47.53994369506836,84.92254638671875,187.91000366210938,67.25
2024-01-17,458.4597473144531,47.17817687988281,84.78817749023438,185.83999633789062,67.94000244140625
2024-01-18,462.5367126464844,47.61415481567383,84.00005340576172,187.3699951171875,69.05999755859375
2024-01-19,468.30279541015625,47.69763946533203,84.26871490478516,187.92999267578125,68.81999969482422
2024-01-22,469.2929992675781,47.725467681884766,84.77027130126953,187.22000122070312,69.69000244140625
2024-01-23,470.66162109375,47.59560775756836,84.09857940673828,187.9499969482422,69.66000366210938
2024-01-24,471.17620849609375,48.05940628051758,83.60597229003906,186.39999389648438,70.54000091552734
2024-01-25,473.7388610839844,48.29130935668945,84.15231323242188,187.13999938964844,72.2300033569336
2024-01-26,473.1369934082031,48.77366638183594,83.9911117553711,187.00999450683594,73.0999984741211
2024-01-29,476.8839416503906,48.91280746459961,84.9583511352539,188.3300018310547,72.05000305175781
2024-01-30,476.51513671875,48.959190368652344,85.72859954833984,188.58999633789062,72.80999755859375
2024-01-31,468.7396240234375,48.57887268066406,86.57048797607422,188.4499969482422,70.91999816894531
2024-02-01,474.8745422363281,49.061222076416016,88.26862335205078,190.41000366210938,69.06999969482422
2024-02-02,479.87371826171875,48.5881462097168,86.31890106201172,188.61000061035156,67.51000213623047
2024-02-05,478.1264343261719,48.34696578979492,84.57579803466797,187.57000732421875,68.18000030517578
2024-02-06,479.5146484375,48.708736419677734,85.40241241455078,188.5500030517578,68.80999755859375
2024-02-07,483.5139465332031,48.57887268066406,84.98910522460938,188.5,69.41999816894531
2024-02-08,483.7275390625,48.5695915222168,84.49493408203125,188.3300018310547,71.5199966430664
2024-02-09,486.523193359375,48.708736419677734,84.3242416381836,187.60000610351562,71.66999816894531
2024-02-12,486.3096618652344,48.690181732177734,84.4230728149414,187.11000061035156,72.11000061035156
2024-02-13,479.61163330078125,47.82750701904297,82.9764633178711,184.52999877929688,72.6500015258789
2024-02-14,483.97021484375,48.476829528808594,83.3987808227539,184.4199981689453,71.55000305175781
2024-02-15,487.3094482421875,49.01484298706055,83.8300552368164,185.66000366210938,72.83999633789062
2024-02-16,484.8826599121094,49.11688232421875,83.3448486328125,186.33999633789062,73.41000366210938
2024-02-20,482.2131652832031,49.38589096069336,83.41674041748047,187.47000122070312,72.41999816894531
2024-02-21,482.6499938964844,49.4600944519043,82.82373046875,187.47999572753906,73.19999694824219
2024-02-22,492.638671875,49.93318176269531,83.22804260253906,187.55999755859375,73.5999984741211
2024-02-23,492.9784240722656,49.988834381103516,84.34220123291016,188.6199951171875,71.91999816894531
2024-02-26,491.1728820800781,49.93318176269531,84.09061431884766,188.1999969482422,72.79000091552734
2024-02-27,492.0853271484375,50.035213470458984,83.49761199951172,188.0,73.8499984741211
2024-02-28,491.4350280761719,49.775482177734375,84.02771759033203,188.33999633789062,73.62000274658203
2024-02-29,493.2016296386719,49.79403305053711,84.62073516845703,189.30999755859375,73.36000061035156
2024-03-01,497.8320007324219,50.183631896972656,85.14802551269531,192.88999938964844,74.95999908447266
2024-03-04,497.2981262207031,50.13724899291992,84.80548858642578,196.00999450683594,74.01000213623047
2024-03-05,492.3280029296875,49.988834381103516,86.01329040527344,197.19000244140625,73.44999694824219
2024-03-06,494.82275390625,50.461917877197266,86.51801300048828,198.80999755859375,74.33999633789062
2024-03-07,499.7345886230469,51.315311431884766,86.4369125366211,199.94000244140625,74.2300033569336
2024-03-08,496.735107421875,51.05558395385742,86.28367614746094,201.6300048828125,73.36000061035156
2024-03-11,496.3079833984375,51.064857482910156,86.23860168457031,202.0,73.62000274658203
2024-03-12,501.64697265625,51.56576919555664,85.51753997802734,199.7899932861328,73.3499984741211
2024-03-13,500.86065673828125,51.667808532714844,85.10295104980469,201.19000244140625,75.08999633789062
2024-03-14,499.87054443359375,51.2874870300293,83.79602813720703,200.35000610351562,76.30000305175781
2024-03-15,496.4381408691406,51.25038528442383,83.76899719238281,199.7100067138672,76.33000183105469
2024-03-18,499.3885498046875,50.953548431396484,83.5166244506836,200.02999877929688,77.9800033569336
2024-03-19,502.16363525390625,51.00920867919922,83.75094604492188,199.8000030517578,78.43000030517578
2024-03-20,506.808349609375,51.60287094116211,83.72391510009766,202.17999267578125,77.25
2024-03-21,508.4832458496094,51.4637336730957,83.9041748046875,201.97000122070312,76.81999969482422
2024-03-22,507.51922607421875,51.33386993408203,84.70636749267578,200.35000610351562,76.68000030517578
2024-03-25,506.1169738769531,51.408077239990234,84.2827377319336,200.99000549316406,77.76000213623047
2024-03-26,505.1822814941406,51.43590545654297,84.51708221435547,201.63999938964844,77.29000091552734
2024-03-27,509.42767333984375,51.760562896728516,85.35530090332031,203.10000610351562,77.51000213623047
2024-03-28,509.3303527832031,51.639976501464844,85.28321838378906,205.72000122070312,78.7300033569336
2024-04-01,508.4442443847656,51.58432388305664,83.69342041015625,207.82000732421875,79.66999816894531
2024-04-02,505.21142578125,51.120521545410156,83.23224639892578,210.88999938964844,80.79000091552734
2024-04-03,505.76641845703125,51.43590545654297,83.21414947509766,212.74000549316406,81.25
2024-04-04,499.5930480957031,51.03703308105469,83.81098175048828,211.52000427246094,82.2699966430664
2024-04-05,504.8122253417969,51.17617416381836,82.64444732666016,215.13999938964844,82.4000015258789
2024-04-08,505.0946044921875,51.42662811279297,82.63540649414062,216.47999572753906,82.19999694824219
2024-04-09,505.6788330078125,51.29676055908203,83.40406036376953,217.6699981689453,81.1500015258789
2024-04-10,500.61541748046875,50.72164535522461,81.58641052246094,215.61000061035156,82.08999633789062
2024-04-11,504.3935241699219,50.749473571777344,81.21564483642578,219.8000030517578,81.55000305175781
2024-04-12,497.43133544921875,49.88679885864258,81.64971923828125,216.88999938964844,81.52999877929688
2024-04-15,491.1994934082031,49.840415954589844,80.38367462158203,220.9499969482422,81.6500015258789
2024-04-16,490.3036193847656,49.4786491394043,79.85015106201172,221.22000122070312,81.33000183105469
2024-04-17,487.40185546875,49.66416931152344,80.73635864257812,219.58999633789062,78.91000366210938
2024-04-18,486.39892578125,49.52503204345703,80.3294448852539,220.33999633789062,78.77999877929688
2024-04-19,482.1534729003906,49.65489959716797,80.6187973022461,221.02999877929688,78.8499984741211
2024-04-22,486.5937194824219,50.23001480102539,80.48314666748047,215.57000732421875,78.77999877929688
2024-04-23,492.3678894042969,50.953548431396484,80.51028442382812,215.0399932861328,79.9800033569336
2024-04-24,492.13421630859375,50.72164535522461,79.94056701660156,214.63999938964844,79.63999938964844
2024-04-25,490.2646789550781,50.619606018066406,79.37989044189453,215.9199981689453,80.44000244140625
2024-04-26,494.9093933105469,51.064857482910156,79.7958755493164,216.6199951171875,80.38999938964844
2024-04-29,496.6620788574219,51.14834213256836,80.46507263183594,216.17999267578125,79.5
2024-04-30,488.7943420410156,50.41553497314453,79.77778625488281,211.8699951171875,78.37999725341797
2024-05-01,487.2071533203125,50.202186584472656,80.3658447265625,213.7899932861328,75.93000030517578
2024-05-02,491.76422119140625,50.777305603027344,80.71068572998047,213.1300048828125,75.93000030517578
2024-05-03,497.8598327636719,51.222557067871094,81.52738189697266,212.9600067138672,75.12999725341797
2024-05-06,503.0011291503906,51.60287094116211,81.84501647949219,215.1999969482422,75.66000366210938
2024-05-07,503.5560607910156,51.96464157104492,82.3441162109375,214.2100067138672,75.5
2024-05-08,503.6048278808594,52.14088439941406,81.84501647949219,213.5800018310547,76.11000061035156
2024-05-09,506.5065612792969,52.69745635986328,82.24431610107422,216.9499969482422,76.5199966430664
2024-05-10,507.1589660644531,52.90152359008789,81.7815170288086,218.7100067138672,75.30000305175781
2024-05-13,507.22705078125,52.929359436035156,81.9902114868164,216.25999450683594,76.12999725341797
2024-05-14,509.5542907714844,53.346778869628906,82.45301818847656,218.08999633789062,75.20999908447266
2024-05-15,515.8641357421875,53.88479232788086,83.57830047607422,220.88999938964844,75.87999725341797
2024-05-16,514.802734375,53.56013107299805,83.4966049194336,220.02999877929688,76.25
2024-05-17,515.542724609375,53.72710037231445,82.93397521972656,223.66000366210938,76.97000122070312
2024-05-20,516.13671875,53.662166595458984,82.68895721435547,224.55999755859375,76.7300033569336
2024-05-21,517.402587890625,53.68071365356445,83.11546325683594,224.22999572753906,76.16000366210938
2024-05-22,515.9127807617188,53.24474334716797,83.2153091430664,220.11000061035156,74.87000274658203
2024-05-23,512.14453125,52.994285583496094,82.67989349365234,215.72000122070312,74.44999694824219
2024-05-24,515.5330810546875,53.374610900878906,82.9249038696289,215.9199981689453,75.3499984741211
2024-05-28,515.893310546875,53.318946838378906,81.7361068725586,218.19000244140625,77.66000366210938
2024-05-29,512.28076171875,52.47482681274414,80.74696350097656,216.16000366210938,76.56999969482422
2024-05-30,508.8824768066406,52.957183837890625,81.52738189697266,216.57000732421875,75.52999877929688
2024-05-31,513.5174560546875,53.41171646118164,82.08096313476562,215.3000030517578,74.81999969482422
2024-06-03,513.9360961914062,53.476646423339844,83.40858459472656,217.22000122070312,71.83000183105469
2024-06-04,514.5106811523438,53.38388442993164,84.3829116821289,215.27000427246094,71.08999633789062
2024-06-05,520.6256103515625,53.894065856933594,85.00209045410156,217.82000732421875,71.88999938964844
2024-06-06,520.6159057617188,54.1445198059082,84.87459564208984,219.42999267578125,73.26000213623047
2024-06-07,519.9830322265625,53.48591995239258,83.31751251220703,211.60000610351562,73.0199966430664
2024-06-10,521.5896606445312,53.2911262512207,82.76210021972656,213.5399932861328,75.45999908447266
2024-06-11,522.8457641601562,52.641746520996094,83.61801147460938,214.14999389648438,75.51000213623047
2024-06-12,527.1398315429688,53.42858123779297,84.24629211425781,214.72000122070312,75.9800033569336
2024-06-13,528.2012329101562,52.641746520996094,85.48468017578125,212.97000122070312,75.73999786376953
2024-06-14,528.5226440429688,51.81700134277344,86.20403289794922,215.72999572753906,76.08000183105469
2024-06-17,532.7291259765625,52.20568084716797,85.34809112548828,214.61000061035156,77.79000091552734
2024-06-18,534.0826416015625,52.42371368408203,86.13118743896484,215.47000122070312,78.66999816894531
2024-06-20,532.6317749023438,52.565914154052734,85.5575180053711,218.16000366210938,79.41000366210938
2024-06-21,531.9176025390625,52.139312744140625,85.5575180053711,214.77999877929688,78.6500015258789
2024-06-24,530.1885986328125,52.58487319946289,85.90355682373047,215.6300048828125,79.69999694824219
2024-06-25,532.2302856445312,52.54695129394531,86.04925537109375,214.55999755859375,78.9000015258789
2024-06-26,532.89453125,52.082435607910156,84.81996154785156,212.5800018310547,78.75
2024-06-27,533.7346801757812,51.99711990356445,85.15689086914062,214.99000549316406,79.91999816894531
2024-06-28,531.63427734375,51.911800384521484,83.572509765625,215.00999450683594,79.58999633789062
2024-07-01,532.728515625,52.17723846435547,82.13011932373047,215.57000732421875,81.54000091552734
2024-07-02,536.3135986328125,52.0634765625,82.76953125,215.55999755859375,81.11000061035156
2024-07-03,538.70703125,52.66070556640625,83.85658264160156,217.99000549316406,81.2699966430664
2024-07-05,541.8134765625,53.07782745361328,84.5508041381836,220.92999267578125,81.30999755859375
2024-07-08,542.4386596679688,52.84082794189453,84.73350524902344,218.19000244140625,80.41999816894531
2024-07-09,542.9661254882812,52.40475082397461,84.3589859008789,218.55999755859375,79.7699966430664
2024-07-10,548.3389892578125,53.08730697631836,84.62388610839844,219.36000061035156,80.4800033569336
2024-07-11,543.61083984375,53.295860290527344,85.44601440429688,223.25,80.94000244140625
2024-07-12,547.0397338867188,53.92153549194336,85.8114013671875,223.11000061035156,80.25
2024-07-15,548.5440673828125,53.32429885864258,84.82486724853516,223.8300018310547,80.12000274658203
2024-07-16,551.7970581054688,53.47597885131836,86.021484375,228.2899932861328,79.05999755859375
2024-07-17,544.0601806640625,53.21054458618164,86.0397720336914,227.22999572753906,80.62000274658203
2024-07-18,539.8792114257812,52.71759033203125,85.382080078125,225.77999877929688,79.9000015258789
2024-07-19,536.2940673828125,52.40475082397461,84.87966918945312,221.72999572753906,78.0
2024-07-22,541.8231811523438,53.163143157958984,84.63302612304688,221.8000030517578,77.62000274658203
2024-07-23,540.973388671875,52.746028900146484,84.51426696777344,222.5800018310547,76.62000274658203
2024-07-24,528.7135620117188,52.23411560058594,83.60079193115234,221.8000030517578,76.80999755859375
2024-07-25,525.9588012695312,52.05400085449219,84.28588104248047,218.3300018310547,77.45999908447266
2024-07-26,531.8493041992188,52.75550842285156,84.9435806274414,220.6300048828125,76.11000061035156
2024-07-29,532.161865234375,52.3952751159668,85.40034484863281,220.32000732421875,75.19000244140625
2024-07-30,529.4656982421875,52.556434631347656,85.72918701171875,222.52000427246094,74.45999908447266
2024-07-31,538.0719604492188,53.01145935058594,86.60613250732422,226.5500030517578,77.73999786376953
2024-08-01,530.452392578125,51.99711990356445,87.35309600830078,225.77000427246094,76.29000091552734
2024-08-02,520.5762329101562,51.58000183105469,90.07511901855469,225.33999633789062,73.38999938964844
2024-08-05,505.4151611328125,50.480342864990234,90.55171203613281,222.47999572753906,73.22000122070312
2024-08-06,510.0748291015625,50.575138092041016,88.5262222290039,220.6999969482422,72.44999694824219
2024-08-07,506.6654357910156,50.68889236450195,87.90298461914062,220.5500030517578,74.69000244140625
2024-08-08,518.3782958984375,51.42832565307617,87.36223602294922,224.00999450683594,75.36000061035156
2024-08-09,520.6640625,51.73168182373047,88.2237777709961,224.55999755859375,76.22000122070312
2024-08-12,520.9376220703125,51.589481353759766,88.54452514648438,228.41000366210938,78.62999725341797
2024-08-13,529.5046997070312,52.26255416870117,89.15861511230469,228.05999755859375,77.63999938964844
2024-08-14,531.17529296875,52.565914154052734,89.71768188476562,226.1999969482422,76.58999633789062
2024-08-15,540.2797241210938,53.115745544433594,88.99361419677734,226.91000366210938,77.41000366210938
2024-08-16,541.4910278320312,53.40962219238281,89.30525207519531,231.99000549316406,76.31999969482422
2024-08-19,546.6683349609375,53.97841262817383,89.71768188476562,231.61000061035156,74.37999725341797
2024-08-20,545.779541015625,53.949974060058594,90.43257904052734,232.4600067138672,73.83000183105469
2024-08-21,547.6552124023438,54.357608795166016,90.48757934570312,232.14999389648438,72.5999984741211
2024-08-22,543.3568115234375,54.073211669921875,89.58937072753906,229.3699951171875,73.58000183105469
2024-08-23,549.1302490234375,54.91691970825195,90.17593383789062,232.02000427246094,75.55000305175781
2024-08-26,547.8211059570312,54.793678283691406,89.94681549072266,232.75999450683594,77.83000183105469
2024-08-27,548.5734252929688,54.992759704589844,89.79100036621094,233.38999938964844,76.48999786376953
2024-08-28,545.3887939453125,54.860042572021484,89.68102264404297,231.75,75.4800033569336
2024-08-29,545.4376220703125,55.0401611328125,89.38774871826172,232.9499969482422,76.7699966430664
2024-08-30,550.644287109375,55.16339874267578,88.4345474243164,231.2899932861328,74.33999633789062
2024-09-03,539.3125610351562,54.11113357543945,89.88092803955078,230.2899932861328,71.08999633789062
2024-09-04,538.2088012695312,53.97841262817383,91.03950500488281,230.42999267578125,69.61000061035156
2024-09-05,536.8997192382812,53.84569549560547,91.55443572998047,232.35000610351562,69.88999938964844
2024-09-06,527.8636474609375,53.0399055480957,91.54522705078125,230.6300048828125,68.93000030517578
2024-09-09,533.7737426757812,53.400146484375,91.94061279296875,231.60000610351562,69.2699966430664
2024-09-10,536.0986938476562,53.163143157958984,92.58425903320312,232.6199951171875,66.95999908447266
2024-09-11,541.5985107421875,53.447540283203125,92.51071166992188,232.25,67.8499984741211
2024-09-12,546.1604614257812,53.836212158203125,92.07852935791016,236.3300018310547,69.88999938964844
2024-09-13,549.0130004882812,54.11113357543945,92.32679748535156,238.67999267578125,69.83999633789062
2024-09-16,549.8237915039062,54.47136688232422,93.17274475097656,238.66000366210938,70.87999725341797
2024-09-17,550.0485229492188,54.30072784423828,92.72218322753906,237.33999633789062,71.72000122070312
2024-09-18,548.4171142578125,54.12061309814453,91.57280731201172,235.50999450683594,70.66000366210938
2024-09-19,557.775634765625,55.0970344543457,91.26937866210938,239.1699981689453,72.75
2024-09-20,556.8113403320312,54.310211181640625,90.91995239257812,242.2100067138672,72.91999816894531
2024-09-23,558.2027587890625,54.42396545410156,90.72689056396484,242.67999267578125,72.25
2024-09-24,559.7999267578125,54.91691970825195,90.70848846435547,246.07000732421875,73.29000091552734
2024-09-25,558.5653076171875,54.698883056640625,89.95448303222656,245.72999572753906,71.4800033569336
2024-09-26,560.7798461914062,55.684791564941406,90.16597747802734,246.97999572753906,69.01000213623047
2024-09-27,559.9664306640625,55.722713470458984,90.63491821289062,245.02000427246094,70.2699966430664
2024-09-30,562.21044921875,55.239234924316406,90.2027587890625,243.05999755859375,69.91999816894531
2024-10-01,557.1738891601562,54.63252639770508,90.85403442382812,245.61000061035156,72.11000061035156
2024-10-02,557.4089965820312,54.47136688232422,90.08837127685547,245.66000366210938,72.76000213623047
2024-10-03,556.3900146484375,53.8741340637207,89.23970031738281,245.49000549316406,75.7300033569336
2024-10-04,561.4461059570312,54.13957214355469,88.14197540283203,245.0,76.3499984741211
2024-10-07,556.3704223632812,53.84569549560547,87.47777557373047,244.1699981689453,79.19999694824219
2024-10-08,561.6322631835938,53.79829406738281,87.62537384033203,242.3699951171875,75.79000091552734
2024-10-09,565.5223999023438,53.968936920166016,87.1272201538086,241.0500030517578,75.25
2024-10-10,564.5327758789062,53.817256927490234,86.78594207763672,242.82000732421875,77.7699966430664
2024-10-11,567.913330078125,54.13957214355469,86.43539428710938,245.47000122070312,77.48999786376953
2024-10-14,572.557861328125,54.37656784057617,86.49998474121094,245.07000732421875,75.93000030517578
2024-10-15,568.1093139648438,53.51389694213867,87.55157470703125,245.9199981689453,72.76000213623047
2024-10-16,570.5785522460938,53.56129837036133,87.92057800292969,247.14999389648438,72.4000015258789
2024-10-17,570.62744140625,53.69401550292969,86.52763366699219,248.6300048828125,72.62000274658203
2024-10-18,572.8224487304688,54.073211669921875,86.59220886230469,251.27000427246094,71.37999725341797
2024-10-21,571.8817138671875,53.48545455932617,85.0793685913086,251.22000122070312,72.26000213623047
2024-10-22,571.5780029296875,53.314823150634766,85.16239166259766,253.92999267578125,73.9800033569336
2024-10-23,566.3552856445312,52.99250793457031,84.9317626953125,250.8699951171875,73.55000305175781
2024-10-24,567.5801391601562,53.2010612487793,85.47602844238281,252.8000030517578,73.05999755859375
2024-10-25,567.3841552734375,52.96406555175781,84.996337890625,253.32000732421875,74.2300033569336
2024-10-28,569.1381225585938,53.46650314331055,84.7657241821289,253.3300018310547,70.43000030517578
2024-10-29,570.0591430664062,53.01145935058594,84.89488220214844,256.0899963378906,69.66000366210938
2024-10-30,568.334716796875,52.58487319946289,85.1439208984375,257.5,71.36000061035156
2024-10-31,557.1934814453125,52.110877990722656,85.28231811523438,253.50999450683594,73.08000183105469
2024-11-01,559.5451049804688,52.3952751159668,84.07996368408203,252.47000122070312,72.0199966430664
2024-11-04,558.3399047851562,52.42371368408203,85.38504028320312,252.8300018310547,74.29000091552734
2024-11-05,565.0911254882812,52.77446746826172,85.83857727050781,253.39999389648438,74.7300033569336
2024-11-06,579.142578125,51.598960876464844,83.48761749267578,245.6999969482422,74.54000091552734
2024-11-07,583.62060546875,52.35735321044922,84.53350067138672,249.64999389648438,74.66000366210938
2024-11-08,586.148681640625,51.55156326293945,85.607177734375,247.9600067138672,73.12999725341797
2024-11-11,586.7072143554688,51.51364517211914,85.19066619873047,242.13999938964844,70.94000244140625
2024-11-12,584.8846435546875,50.41398239135742,83.91339111328125,240.0500030517578,70.69000244140625
2024-11-13,585.1688232421875,50.205421447753906,83.11737060546875,237.6300048828125,70.7300033569336
2024-11-14,581.4060668945312,50.3665771484375,83.59866333007812,237.00999450683594,71.29000091552734
2024-11-15,573.9591674804688,50.167503356933594,83.37651062011719,236.58999633789062,69.75
2024-11-18,576.310791015625,50.41398239135742,83.52462768554688,241.08999633789062,72.06999969482422
2024-11-19,578.4175415039062,50.30022430419922,83.95037841796875,243.25,72.30999755859375
2024-11-20,578.6134033203125,50.205421447753906,83.68197631835938,244.6199951171875,72.0199966430664
2024-11-21,581.7196044921875,50.0916633605957,83.61717987060547,246.66000366210938,73.19999694824219
2024-11-22,583.5225830078125,50.26230239868164,83.6634750366211,249.83999633789062,74.25
2024-11-25,585.5020141601562,50.48981857299805,85.829345703125,242.47999572753906,72.0999984741211
2024-11-26,588.5591430664062,50.26230239868164,85.49613189697266,242.9499969482422,71.61000061035156
2024-11-27,586.7758178710938,50.66045379638672,86.0885009765625,243.49000549316406,71.72000122070312
2024-11-29,590.4209594726562,51.17237091064453,86.97705078125,245.58999633789062,71.61000061035156
2024-12-02,591.4791870117188,51.248207092285156,87.18603515625,243.44000244140625,71.04000091552734
2024-12-03,591.75341796875,51.39040756225586,86.43370819091797,243.92999267578125,73.04000091552734
2024-12-04,595.4280395507812,51.58000183105469,87.36249542236328,244.6699981689453,71.87999725341797
2024-12-05,594.4481811523438,52.044517517089844,87.53897094726562,242.86000061035156,71.47000122070312
2024-12-06,595.5750122070312,52.110877990722656,87.66899108886719,242.9499969482422,70.23999786376953
2024-12-09,592.508056640625,52.044517517089844,86.86094665527344,245.36000061035156,71.16999816894531
2024-12-10,590.6659545898438,51.60844039916992,86.4522705078125,248.58999633789062,71.4000015258789
2024-12-11,595.2321166992188,51.81700134277344,85.63494873046875,250.9600067138672,73.33000183105469
2024-12-12,592.1651611328125,51.39988708496094,84.59469604492188,247.27999877929688,73.20999908447266
2024-12-13,592.0474853515625,51.437801361083984,83.73090362548828,244.2899932861328,74.20999908447266
2024-12-16,594.57568359375,51.27664566040039,83.98168182373047,244.8800048828125,73.69999694824219
2024-12-17,592.1258544921875,51.143943786621094,84.1860122680664,243.94000244140625,73.30000305175781
2024-12-18,574.4783935546875,49.96965026855469,83.13333892822266,239.25999450683594,72.94000244140625
2024-12-19,574.302001953125,49.750064849853516,81.87458801269531,239.60000610351562,72.61000061035156
2024-12-20,581.199951171875,49.67368698120117,82.3407974243164,242.10000610351562,73.0999984741211
2024-12-23,584.6802978515625,49.84553146362305,81.58552551269531,240.9600067138672,73.05999755859375
2024-12-24,591.1790771484375,50.1319465637207,81.93053436279297,241.44000244140625,73.6500015258789
2024-12-26,591.2184448242188,50.25606155395508,81.88389587402344,243.07000732421875,73.12999725341797
2024-12-27,584.9949951171875,50.036476135253906,81.21257019042969,241.39999389648438,73.8499984741211
2024-12-30,578.3192138671875,49.711875915527344,81.86527252197266,240.6300048828125,74.81999969482422
2024-12-31,576.21533203125,49.70233154296875,81.42704010009766,242.1300048828125,75.55000305175781
2025-01-02,574.7994384765625,49.520931243896484,81.65080261230469,245.4199981689453,76.93000030517578
2025-01-03,581.9864501953125,49.826438903808594,81.38970947265625,243.49000549316406,77.91999816894531
2025-01-06,585.3390502929688,50.361080169677734,81.02608489990234,243.19000244140625,77.30000305175781
2025-01-07,578.722412109375,50.44700241088867,80.11233520507812,244.55999755859375,78.16999816894531
2025-01-08,579.56787109375,50.33244323730469,80.21490478515625,245.86000061035156,77.30000305175781
2025-01-10,570.7192993164062,49.9123649597168,79.68343353271484,248.2100067138672,80.63999938964844
2025-01-13,571.604248046875,49.59730911254883,79.65544891357422,245.74000549316406,82.2300033569336
2025-01-14,572.3907470703125,49.79779815673828,79.5249252319336,247.02999877929688,81.66999816894531
2025-01-15,582.802490234375,50.37062454223633,80.89556884765625,248.8800048828125,84.33999633789062
2025-01-16,581.6817016601562,50.82889175415039,81.15663146972656,250.60000610351562,82.94000244140625
2025-01-17,587.521728515625,51.10575485229492,81.29650115966797,249.27000427246094,82.5199966430664
2025-01-21,592.8995971679688,52.20367431640625,82.02376556396484,253.1300048828125,81.11000061035156
2025-01-22,596.2325439453125,52.10820770263672,81.5948715209961,254.42999267578125,80.43000030517578
2025-01-23,599.48681640625,52.58556365966797,80.96084594726562,254.07000732421875,79.20999908447266
2025-01-24,597.73681640625,52.75740432739258,81.324462890625,255.64999389648438,79.5999984741211
2025-01-27,589.2816162109375,53.01517868041992,82.28484344482422,252.99000549316406,77.93000030517578
2025-01-28,594.3449096679688,52.71921920776367,82.2289047241211,255.17999267578125,78.86000061035156
2025-01-29,591.6804809570312,52.786048889160156,82.0610580444336,254.1999969482422,77.77999877929688
2025-01-30,594.8561401367188,53.387516021728516,82.36874389648438,258.04998779296875,77.75
2025-01-31,591.6903076171875,52.88151931762695,81.82797241210938,258.55999755859375,78.0199966430664
2025-02-03,587.70849609375,52.16548538208008,82.49422454833984,259.94000244140625,77.81999969482422
2025-02-04,591.6510620117188,52.862430572509766,82.7468490600586,262.5,77.51000213623047
2025-02-05,594.0499877929688,53.39706802368164,84.11302947998047,264.1300048828125,76.08999633789062
2025-02-06,596.1146240234375,53.60710144042969,84.07561492919922,263.42999267578125,75.44999694824219
2025-02-07,590.6581420898438,53.091556549072266,83.53286743164062,263.8999938964844,75.86000061035156
2025-02-10,594.6693725585938,53.53072738647461,83.28022003173828,268.3699951171875,77.4000015258789
2025-02-11,595.1215209960938,53.96989059448242,82.7468490600586,267.3900146484375,78.2699966430664
2025-02-12,593.2044067382812,54.399513244628906,81.62397766113281,267.6700134277344,76.31999969482422
2025-02-13,599.4671630859375,54.97234344482422,82.98078155517578,270.30999755859375,76.38999938964844
2025-02-14,599.4376831054688,55.191925048828125,83.42059326171875,266.2900085449219,75.81999969482422
2025-02-18,601.197509765625,55.554718017578125,82.4380874633789,270.70001220703125,76.95999908447266
2025-02-19,602.6133422851562,54.81003952026367,82.54100799560547,270.8500061035156,77.44999694824219
2025-02-20,600.1062622070312,55.373321533203125,82.84979248046875,270.989990234375,77.76000213623047
2025-02-21,589.8419189453125,55.09645080566406,83.85102081298828,270.739990234375,75.3499984741211
2025-02-24,587.1580200195312,54.953250885009766,84.09430694580078,272.2099914550781,75.97000122070312
2025-02-25,584.2379760742188,55.7265625,85.54468536376953,268.6199951171875,74.12999725341797
2025-02-26,584.5327758789062,55.7265625,86.04999542236328,269.0299987792969,73.8499984741211
2025-02-27,575.2025146484375,55.06781005859375,85.44178771972656,264.92999267578125,75.27999877929688
2025-02-28,584.178955078125,55.392417907714844,86.48979187011719,263.2699890136719,75.22000122070312
2025-03-03,573.9441528320312,56.165733337402344,86.89341735839844,266.739990234375,73.31999969482422
2025-03-04,567.1504516601562,56.25165557861328,85.82331848144531,269.05999755859375,73.30999755859375
2025-03-05,573.2460327148438,57.645538330078125,85.13809967041016,269.6199951171875,71.41999816894531
2025-03-06,563.0703735351562,57.149085998535156,84.85650634765625,268.25,71.12999725341797
2025-03-07,566.2262573242188,57.91285705566406,84.58426666259766,268.3900146484375,72.08999633789062
2025-03-10,551.1445922851562,56.318485260009766,85.46663665771484,266.0400085449219,70.88999938964844
2025-03-11,546.5628662109375,56.22301483154297,84.85650634765625,269.1600036621094,71.44999694824219
2025-03-12,549.4632568359375,56.38531494140625,84.34961700439453,270.3299865722656,72.80000305175781
2025-03-13,542.1387329101562,56.03207015991211,85.09115600585938,275.1300048828125,71.62000274658203
2025-03-14,553.3369750976562,57.091800689697266,84.64058685302734,275.239990234375,72.27999877929688
2025-03-17,557.6038208007812,57.68372344970703,85.06300354003906,276.7300109863281,72.70999908447266
2025-03-18,551.5770874023438,57.931949615478516,85.14749145507812,279.9599914550781,72.20999908447266
2025-03-19,557.5841674804688,57.86511993408203,85.58866119384766,281.1099853515625,72.41999816894531
2025-03-20,555.9718627929688,57.301841735839844,85.64496612548828,280.75,73.7300033569336
2025-03-21,556.1552124023438,56.824485778808594,85.13809967041016,278.489990234375,73.79000091552734
2025-03-24,566.115234375,56.73855972290039,84.2651138305664,277.25,74.87999725341797
2025-03-25,567.4759521484375,57.053611755371094,84.2557373046875,278.4700012207031,74.81999969482422
2025-03-26,560.7012939453125,56.26120376586914,83.701904296875,278.239990234375,75.41999816894531
2025-03-27,559.2122802734375,56.318485260009766,83.45787048339844,281.9700012207031,75.4800033569336
2025-03-28,547.9507446289062,56.20391845703125,84.61244201660156,284.05999755859375,74.7699966430664
2025-03-31,551.6289672851562,55.564266204833984,85.44786071777344,288.1400146484375,77.33000183105469
2025-04-01,553.1870727539062,55.65018844604492,86.18827819824219,287.57000732421875,77.08000183105469
2025-04-02,556.6878051757812,55.764747619628906,86.13177490234375,288.1600036621094,77.73999786376953
2025-04-03,529.2538452148438,54.92460632324219,86.5274429321289,286.4200134277344,72.25
2025-04-04,498.2696838378906,51.353981018066406,87.46949768066406,279.7200012207031,67.91999816894531
2025-04-07,497.3822021484375,49.78825378417969,84.8317642211914,273.7099914550781,65.9800033569336
2025-04-08,489.591796875,49.4541015625,83.23027038574219,275.20001220703125,63.34000015258789
2025-04-09,541.0084228515625,53.03427505493164,83.72013854980469,285.3800048828125,67.58000183105469
2025-04-10,517.3018798828125,52.50918197631836,81.41210174560547,292.3500061035156,65.31999969482422
2025-04-11,526.531982421875,53.80759048461914,81.85486602783203,297.92999267578125,66.45999908447266
2025-04-14,531.64013671875,54.27539825439453,82.4389419555664,296.2300109863281,66.66000366210938
2025-04-15,530.151123046875,54.82913589477539,82.73097229003906,297.7799987792969,66.4800033569336
2025-04-16,518.3668212890625,54.6859245300293,83.19258117675781,307.4700012207031,67.75
2025-04-17,519.1065063476562,55.17283248901367,82.45777893066406,306.1199951171875,69.4800033569336
2025-04-21,506.7503967285156,54.838680267333984,81.01644134521484,315.5899963378906,68.62000274658203
2025-04-22,519.9348754882812,55.965240478515625,81.4686279296875,311.1099853515625,69.37000274658203
2025-04-23,527.9915161132812,56.1848258972168,82.25996398925781,303.6499938964844,68.05000305175781
2025-04-24,539.105224609375,56.9581413269043,83.12664031982422,308.07000732421875,68.45999908447266
2025-04-25,543.0003051757812,57.110897064208984,83.73897552490234,304.7300109863281,69.02999877929688
2025-04-28,543.2073974609375,57.42595291137695,84.26651000976562,309.07000732421875,67.76000213623047
2025-04-29,546.6292724609375,57.597801208496094,84.97306060791016,306.05999755859375,65.8499984741211
2025-04-30,546.84619140625,57.55961227416992,84.28535461425781,303.7699890136719,63.560001373291016
2025-05-01,550.7216796875,57.340030670166016,83.85799407958984,297.4599914550781,64.5199966430664
2025-05-02,558.896728515625,58.41884994506836,82.95028686523438,297.9800109863281,64.01000213623047
2025-05-05,555.6918334960938,58.63843536376953,82.48698425292969,306.8800048828125,62.369998931884766
2025-05-06,551.0470581054688,58.43794631958008,82.76117706298828,315.4800109863281,64.5999984741211
2025-05-07,553.3645629882812,58.22791290283203,83.11102294921875,310.75,63.5099983215332
2025-05-08,557.2202758789062,57.96059036254883,82.1844253540039,304.6300048828125,65.5999984741211
2025-05-09,556.5103149414062,58.29473876953125,82.30734252929688,306.8399963378906,66.61000061035156
2025-05-12,574.9015502929688,58.34247589111328,81.5414810180664,298.19000244140625,67.5999984741211
2025-05-13,578.6981811523438,58.62889099121094,81.21053314208984,299.4599914550781,69.58999633789062
2025-05-14,579.4376831054688,58.361568450927734,80.67160034179688,293.1600036621094,68.7300033569336
2025-05-15,582.2678833007812,59.02031707763672,81.38072967529297,297.8399963378906,67.58999633789062
2025-05-16,585.9559936523438,59.20171356201172,81.59821319580078,294.239990234375,68.0999984741211
2025-05-19,586.596923828125,59.98458480834961,81.36182403564453,298.0299987792969,68.51000213623047
2025-05-20,584.624755859375,60.461936950683594,80.77559661865234,303.5799865722656,68.66000366210938
2025-05-21,574.7733154296875,60.223262786865234,79.39513397216797,305.82000732421875,67.58999633789062
2025-05-22,575.0001831054688,60.11824035644531,79.81117248535156,303.1099853515625,67.13999938964844
2025-05-23,571.0752563476562,59.92729568481445,79.94354248046875,309.75,67.98999786376953
2025-05-27,582.9483032226562,60.65287780761719,81.05927276611328,304.5,67.27999877929688
2025-05-28,579.5757446289062,60.01322555541992,80.70941925048828,303.80999755859375,67.88999938964844
2025-05-29,581.8635864257812,60.337825775146484,81.45636749267578,305.6099853515625,67.19000244140625
2025-05-30,581.2127075195312,60.39510726928711,81.57929992675781,303.6000061035156,67.1500015258789
2025-06-02,584.4866943359375,60.92974853515625,80.82007598876953,311.6700134277344,69.55000305175781
2025-06-03,587.8197631835938,60.34737014770508,80.67772674560547,308.9100036621094,69.88999938964844
2025-06-04,587.6619873046875,60.84382247924805,81.98738098144531,310.8999938964844,69.33999633789062
2025-06-05,584.8218994140625,60.88201141357422,82.04430389404297,309.3299865722656,69.93000030517578
2025-06-06,590.8274536132812,61.082496643066406,81.00039672851562,305.17999267578125,71.37999725341797
2025-06-09,591.3599243164062,61.02521514892578,81.0857925415039,306.6199951171875,72.05000305175781
2025-06-10,594.7128295898438,61.082496643066406,81.50334930419922,306.7099914550781,71.5999984741211
2025-06-11,593.0166015625,61.00612258911133,81.7501220703125,308.3699951171875,74.81999969482422
2025-06-12,595.3734741210938,61.66487121582031,82.72762298583984,312.20001220703125,75.05000305175781
2025-06-13,588.7172241210938,60.57650375366211,81.9304428100586,316.2900085449219,80.22000122070312
2025-06-16,594.3182983398438,60.76310729980469,81.10476684570312,311.7799987792969,78.58999633789062
2025-06-17,589.2398681640625,59.93699264526367,82.09176635742188,311.94000244140625,82.30000305175781
2025-06-18,589.1510009765625,59.849525451660156,82.234130859375,310.260009765625,82.2699966430664
2025-06-20,587.7674560546875,59.47047805786133,82.082275390625,310.1300048828125,83.12000274658203
2025-06-23,593.572998046875,59.95642852783203,82.34801483154297,311.0799865722656,76.41000366210938
2025-06-24,600.13037109375,60.78254699707031,82.94589233398438,306.19000244140625,73.0
2025-06-25,600.4666137695312,60.32575225830078,83.05030059814453,307.1199951171875,73.30999755859375
2025-06-26,605.1646728515625,60.8214225769043,83.4678726196289,306.7799987792969,73.58999633789062
2025-06-27,608.1713256835938,61.375404357910156,82.9364013671875,301.2200012207031,73.27999877929688
2025-06-30,611.0790405273438,61.472591400146484,83.7525863647461,304.8299865722656,73.11000061035156
2025-07-01,610.8812866210938,61.453155517578125,83.96025085449219,307.54998779296875,73.93000030517578
2025-07-02,613.6505737304688,61.71556854248047,83.42680358886719,309.25,75.58999633789062
2025-07-03,618.487060546875,61.62809753417969,82.84573364257812,307.1400146484375,75.19000244140625
2025-07-07,613.8780517578125,61.249053955078125,82.05509185791016,307.3699951171875,76.4800033569336
2025-07-08,613.5418090820312,61.75444412231445,81.95030975341797,304.1600036621094,76.95999908447266
2025-07-09,617.2210083007812,62.463924407958984,82.8076400756836,305.5199890136719,76.93000030517578
2025-07-10,618.961669921875,62.42505645751953,82.86478424072266,306.20001220703125,75.38999938964844
2025-07-11,616.7858276367188,61.70585250854492,81.72169494628906,309.1400146484375,77.29000091552734
2025-07-14,617.9627685546875,61.6378173828125,81.55020904541016,308.010009765625,75.62000274658203
2025-07-15,615.3220825195312,60.93804931640625,80.97869110107422,306.7300109863281,75.26000213623047
2025-07-16,617.3792114257812,61.21017837524414,81.09298706054688,308.260009765625,75.19000244140625
2025-07-17,621.1574096679688,61.21017837524414,81.0739517211914,307.5899963378906,76.16000366210938
2025-07-18,620.7024536132812,61.15186309814453,81.19776916503906,308.3900146484375,75.93000030517578
2025-07-21,621.87939453125,61.375404357910156,81.92172241210938,313.1300048828125,75.58999633789062
2025-07-22,621.9683837890625,61.75444412231445,82.41707611083984,316.1000061035156,75.3499984741211
2025-07-23,627.259765625,63.0859489440918,81.9598159790039,312.17999267578125,75.27999877929688
2025-07-24,627.4674682617188,62.337581634521484,81.81694030761719,310.2699890136719,76.08999633789062
2025-07-25,630.1180419921875,62.4736442565918,82.33134460449219,307.3999938964844,74.8499984741211
2025-07-28,629.9598999023438,61.3559684753418,81.79789733886719,305.4100036621094,77.16999816894531
2025-07-29,628.2982788085938,61.307373046875,83.17913055419922,306.25,79.80000305175781
2025-07-30,627.507080078125,60.68535232543945,82.75048065185547,300.9599914550781,81.04000091552734
2025-07-31,625.1531372070312,59.975868225097656,82.79810333251953,302.9599914550781,79.58999633789062
2025-08-01,614.9066162109375,59.645423889160156,83.97520446777344,309.1099853515625,77.45999908447266
2025-08-04,624.2530517578125,60.34518814086914,84.20469665527344,310.9100036621094,76.11000061035156
2025-08-05,621.088134765625,60.41322326660156,84.46287536621094,311.1600036621094,75.0199966430664
2025-08-06,625.8455200195312,60.675636291503906,83.97520446777344,310.5,73.79000091552734
2025-08-07,625.3212890625,61.33652877807617,83.83177947998047,313.1199951171875,73.41999816894531
2025-08-08,630.197265625,61.55034637451172,83.46841430664062,313.04998779296875,73.30000305175781
2025-08-11,628.9510498046875,61.18102264404297,83.56403350830078,308.54998779296875,73.80000305175781
2025-08-12,635.6468505859375,61.80303955078125,83.14329528808594,308.2699890136719,72.94999694824219
2025-08-13,637.82275390625,62.27927017211914,83.83177947998047,309.2099914550781,72.45999908447266
2025-08-14,637.8821411132812,62.56112289428711,83.21024322509766,307.25,73.73999786376953
2025-08-15,636.388671875,62.70690155029297,82.61738586425781,307.42999267578125,72.80000305175781
2025-08-18,636.2501831054688,62.541683197021484,82.3783187866211,306.95001220703125,73.16999816894531
2025-08-19,632.7984008789062,62.70690155029297,82.85643768310547,305.2699890136719,72.30000305175781
2025-08-20,631.1170043945312,63.105384826660156,83.0381088256836,308.3599853515625,73.5199966430664
2025-08-21,628.5850830078125,62.6777458190918,82.62696075439453,307.2900085449219,74.12999725341797
2025-08-22,638.2381591796875,63.64963912963867,83.23892974853516,310.5799865722656,74.63999938964844
2025-08-25,635.42919921875,62.70690155029297,82.9998779296875,309.8299865722656,75.75
2025-08-26,638.0897827148438,62.61943435668945,82.95205688476562,312.0799865722656,74.05000305175781
2025-08-27,639.5436401367188,62.49308776855469,82.85643768310547,312.7099914550781,74.68000030517578
2025-08-28,641.80859375,62.56112289428711,83.40147399902344,315.0299987792969,75.23999786376953
2025-08-29,637.98095703125,62.240394592285156,82.8086166381836,318.07000732421875,74.83999633789062
2025-09-02,633.2533569335938,61.54062271118164,82.19237518310547,325.5899963378906,76.76000213623047
2025-09-03,636.685302734375,61.783599853515625,83.09465789794922,328.1400146484375,74.83000183105469
2025-09-04,642.0064697265625,62.114044189453125,83.7281723022461,326.69000244140625,74.18000030517578
2025-09-05,640.1469116210938,62.37645721435547,85.0047607421875,331.04998779296875,72.62999725341797
2025-09-08,641.7196655273438,62.813812255859375,86.13739013671875,334.82000732421875,73.04000091552734
2025-09-09,643.203125,62.73606491088867,85.64788055419922,334.05999755859375,73.38999938964844
2025-09-10,645.0625610351562,62.531959533691406,86.13739013671875,335.260009765625,74.70999908447266
2025-09-11,650.423095703125,63.183135986328125,86.71331024169922,334.760009765625,73.0
2025-09-12,650.2054443359375,62.9595947265625,86.33897399902344,335.4200134277344,73.30999755859375
2025-09-15,653.6671752929688,63.44554901123047,86.54053497314453,338.9100036621094,74.2300033569336
2025-09-16,652.7671508789062,63.24144744873047,86.722900390625,339.5899963378906,75.66999816894531
2025-09-17,651.9561767578125,62.96931838989258,86.50214385986328,336.9700012207031,74.97000122070312
2025-09-18,655.0023803710938,63.28032684326172,85.60946655273438,335.6199951171875,74.69000244140625
2025-09-19,658.2465209960938,63.04706954956055,85.4462890625,339.17999267578125,73.5199966430664
2025-09-22,661.3607177734375,63.25117111206055,85.13914489746094,345.04998779296875,73.44999694824219
2025-09-23,657.7606201171875,63.222015380859375,85.7342529296875,346.4599914550781,75.05000305175781
2025-09-24,655.6678466796875,62.86241149902344,85.40791320800781,343.32000732421875,76.38999938964844
2025-09-25,652.6429443359375,62.28898620605469,85.40791320800781,344.75,76.98999786376953
2025-09-26,656.3820190429688,62.92072296142578,85.33112335205078,346.739990234375,77.0199966430664
2025-09-29,658.2266845703125,63.19285202026367,86.03180694580078,352.4599914550781,74.58999633789062
2025-09-30,660.7061157226562,63.639930725097656,85.78224182128906,355.4700012207031,73.75
2025-10-01,662.95751953125,64.39801025390625,86.0037841796875,356.0299987792969,73.13999938964844
2025-10-02,663.7210693359375,64.5826644897461,86.25422668457031,354.7900085449219,71.54000091552734
2025-10-03,663.7112426757812,64.94226837158203,86.09046173095703,357.6400146484375,71.70999908447266
2025-10-06,666.0914916992188,64.69929504394531,85.40660858154297,364.3800048828125,72.87000274658203
2025-10-07,663.6219482421875,64.2619400024414,85.8978500366211,366.260009765625,73.19999694824219
2025-10-08,667.5791625976562,64.6701431274414,85.96526336669922,372.29998779296875,73.52999877929688
2025-10-09,665.6452026367188,63.91205978393555,85.8978500366211,365.42999267578125,72.51000213623047
2025-10-10,647.6542358398438,63.19285202026367,87.28484344482422,369.1199951171875,69.38999938964844
2025-10-13,657.5919189453125,63.601051330566406,87.23667907714844,378.0899963378906,70.27999877929688
2025-10-14,656.78857421875,63.91205978393555,87.51600646972656,380.7900085449219,69.0
2025-10-15,659.7044677734375,63.99952697753906,87.32337188720703,387.3900146484375,68.98999786376953
2025-10-16,655.211669921875,64.49520111083984,87.97831726074219,396.45001220703125,67.80999755859375
2025-10-17,658.9308471679688,64.47576141357422,87.84349822998047,388.989990234375,67.9800033569336
2025-10-20,665.7840576171875,64.80620574951172,88.18061065673828,403.1499938964844,67.83000183105469
2025-10-21,665.7740478515625,64.36885833740234,88.61404418945312,377.239990234375,68.2699966430664
2025-10-22,662.3128051757812,64.34941101074219,88.67183685302734,377.2799987792969,70.62999725341797
2025-10-23,666.2402954101562,64.75761413574219,88.06502532958984,378.7900085449219,73.29000091552734
2025-10-24,671.6851806640625,64.87423706054688,88.10354614257812,377.5199890136719,73.18000030517578
2025-10-27,679.6094970703125,65.18524169921875,88.40215301513672,367.010009765625,73.12000274658203
2025-10-28,681.41455078125,64.95199584960938,88.63331604003906,364.3800048828125,71.38999938964844
2025-10-29,681.7418212890625,64.70901489257812,87.73753356933594,363.0,71.80000305175781
2025-10-30,674.2439575195312,64.32025146484375,87.22705078125,370.1300048828125,71.70999908447266
2025-10-31,676.4556274414062,64.05784606933594,86.96699523925781,368.1199951171875,72.55999755859375
2025-11-03,677.7251586914062,64.0092544555664,86.74948120117188,368.7799987792969,72.73999786376953
2025-11-04,669.6917114257812,63.4163932800293,86.94281768798828,362.32000732421875,71.93000030517578
2025-11-05,672.012451171875,63.921775817871094,85.99547576904297,366.510009765625,71.02999877929688
2025-11-06,664.8021850585938,63.64963912963867,86.76881408691406,366.07000732421875,70.87999725341797
2025-11-07,665.4567260742188,63.9509391784668,86.58514404296875,368.30999755859375,71.26000213623047
2025-11-10,675.8407592773438,64.77705383300781,86.56581115722656,378.3800048828125,71.68000030517578
2025-11-11,677.3878784179688,65.45738220214844,86.962158203125,379.8699951171875,72.72000122070312
2025-11-12,677.7647705078125,65.98220825195312,87.1168212890625,385.989990234375,69.79000091552734
2025-11-13,666.5179443359375,65.5351333618164,86.4014663696289,382.8699951171875,69.8499984741211
2025-11-14,666.408935546875,64.88395690917969,85.90847778320312,375.9599914550781,71.37999725341797
2025-11-17,660.2003173828125,64.10643768310547,86.12114715576172,371.6499938964844,71.30000305175781
2025-11-18,654.6563110351562,63.464988708496094,86.09214782714844,374.3500061035156,72.5
2025-11-19,657.1853637695312,63.222015380859375,85.91813659667969,374.9599914550781,70.87999725341797
2025-11-20,647.1683349609375,62.366737365722656,86.25648498535156,374.8500061035156,70.1500015258789
2025-11-21,653.6149291992188,63.290042877197266,86.51747131347656,374.2699890136719,69.30000305175781
2025-11-24,663.235107421875,63.13454055786133,87.01048278808594,380.20001220703125,70.41999816894531
2025-11-25,669.4734497070312,64.21334838867188,87.23282623291016,380.0799865722656,69.25
2025-11-26,674.09521484375,64.87423706054688,87.61949920654297,383.1199951171875,70.04000091552734
2025-11-28,677.7747192382812,65.10749053955078,87.20382690429688,387.8800048828125,71.06999969482422
2025-12-01,674.6803588867188,64.86451721191406,86.11824035644531,389.75,71.05999755859375
2025-12-02,675.9300537109375,65.16580963134766,86.15704345703125,387.239990234375,70.19999694824219
2025-12-03,678.2706298828125,65.6614761352539,86.39957427978516,386.8800048828125,70.66000366210938
2025-12-04,678.7664794921875,65.50597381591797,85.93392944335938,387.1300048828125,71.38999938964844
2025-12-05,680.0557861328125,65.5351333618164,85.53617095947266,386.44000244140625,71.91999816894531
2025-12-08,678.0127563476562,65.47682189941406,85.25482177734375,385.4200134277344,70.48999786376953
2025-12-09,677.427490234375,65.22412109375,85.3421401977539,387.3999938964844,69.86000061035156
2025-12-10,681.92041015625,66.0696792602539,85.67198181152344,389.04998779296875,70.54000091552734
2025-12-11,683.5072021484375,66.59449768066406,85.55558013916016,393.239990234375,69.25
2025-12-12,676.1580810546875,66.09883117675781,84.73094940185547,395.44000244140625,68.80999755859375
2025-12-15,675.1365356445312,66.67224884033203,84.78917694091797,395.79998779296875,67.88999938964844
2025-12-16,673.2918701171875,66.39808654785156,85.25482177734375,395.8900146484375,66.16999816894531
2025-12-17,665.8832397460938,65.97554779052734,85.17721557617188,399.2900085449219,67.9800033569336
2025-12-18,670.9114990234375,66.53565979003906,85.58467864990234,398.57000732421875,67.19000244140625
2025-12-19,676.9923095703125,66.92872619628906,85.26524353027344,399.0199890136719,68.02999877929688
2025-12-22,681.2098999023438,67.06629943847656,85.08019256591797,408.2300109863281,69.7300033569336
2025-12-23,684.3233032226562,67.45935821533203,85.216552734375,413.6400146484375,70.30000305175781
2025-12-24,686.7305297851562,67.56745147705078,85.73271179199219,411.92999267578125,70.19999694824219
2025-12-26,686.660888671875,67.80329132080078,85.45026397705078,416.739990234375,68.4800033569336
2025-12-29,684.2138671875,67.41022491455078,85.77167510986328,398.6000061035156,69.61000061035156
2025-12-30,683.3783569335938,67.67554473876953,85.56714630126953,398.8900146484375,69.73999786376953
2025-12-31,678.3152465820312,67.41022491455078,84.88542175292969,396.30999755859375,69.16000366210938
2026-01-02,679.55859375,68.225830078125,84.7588119506836,398.2799987792969,68.95999908447266
2026-01-05,684.0845336914062,68.72698974609375,85.1775894165039,408.760009765625,70.22000122070312
2026-01-06,688.1529541015625,68.96282196044922,85.00227355957031,413.17999267578125,68.51000213623047
2026-01-07,685.9347534179688,68.59923553466797,85.49896240234375,409.2300109863281,67.79000091552734
2026-01-08,685.8651123046875,68.540283203125,85.07046508789062,411.489990234375,70.54000091552734
2026-01-09,690.4010009765625,69.05126190185547,85.63529968261719,414.4700012207031,70.77999877929688
2026-01-12,691.4852294921875,69.44432067871094,85.38209533691406,422.2300109863281,71.6500015258789
2026-01-13,690.1026000976562,69.19866180419922,85.52818298339844,421.6300048828125,73.4800033569336
2026-01-14,686.7106323242188,69.39519500732422,86.02488708496094,425.94000244140625,72.61000061035156
2026-01-15,688.5806884765625,69.25762176513672,86.0053939819336,423.3299865722656,71.12999725341797
2026-01-16,688.0037231445312,69.41484832763672,85.50870513916016,421.2900085449219,71.6500015258789
2026-01-20,673.9981689453125,68.37322998046875,84.38873291015625,437.2300109863281,71.86000061035156
2026-01-21,681.77685546875,69.10039520263672,85.031494140625,443.6000061035156,73.33999633789062
2026-01-22,685.3379516601562,69.39519500732422,85.4015884399414,451.7900085449219,71.81999969482422
2026-01-23,685.5865478515625,69.87669372558594,85.63529968261719,458.0,73.94999694824219
2026-01-26,689.0680541992188,70.44664001464844,86.04434967041016,464.70001220703125,73.4800033569336
2026-01-27,691.8134765625,71.5766830444336,85.50870513916016,476.1000061035156,75.66000366210938
2026-01-28,691.7438354492188,70.63333892822266,85.31392669677734,494.55999755859375,76.62000274658203
2026-01-29,690.3711547851562,71.09518432617188,85.33341217041016,495.8999938964844,79.13999938964844
2026-01-30,688.3120727539062,70.48594665527344,84.85619354248047,444.95001220703125,79.5199966430664
2026-02-02,691.7339477539062,71.1148452758789,84.6137466430664,427.1300048828125,75.33000183105469
2026-02-03,685.885009765625,70.79056549072266,84.81904602050781,454.2900085449219,77.47000122070312
2026-02-04,682.5626831054688,70.98709106445312,84.60397338867188,453.9700012207031,77.87999725341797
2026-02-05,674.0379638671875,69.87669372558594,85.52294921875,441.8800048828125,76.69000244140625
2026-02-06,686.96923828125,71.26223754882812,85.58160400390625,455.4599914550781,76.98999786376953
2026-02-09,690.2816772460938,71.9500961303711,85.56202697753906,467.0299987792969,78.0199966430664
2026-02-10,688.4613037109375,71.76338958740234,86.54945373535156,462.3999938964844,78.02999877929688
2026-02-11,688.3021850585938,72.03853607177734,86.08995819091797,467.6300048828125,78.88999938964844
2026-02-12,677.668701171875,71.38015747070312,87.2337875366211,451.3900146484375,76.37999725341797
2026-02-13,678.1461181640625,71.45877075195312,87.71282958984375,462.6199951171875,76.22000122070312
2026-02-17,679.2402954101562,71.95993041992188,87.8594741821289,448.20001220703125,75.7300033569336
2026-02-18,682.662109375,72.15645599365234,87.52708435058594,458.2799987792969,79.4000015258789
2026-02-19,680.8616333007812,71.84201049804688,87.61506652832031,459.55999755859375,81.19000244140625
2026-02-20,685.7855834960938,72.54952239990234,87.40977478027344,468.6199951171875,80.8499984741211
2026-02-23,678.7827758789062,72.2448959350586,87.73237609863281,481.2799987792969,80.9000015258789
2026-02-24,683.7164916992188,72.42176818847656,87.88880157470703,474.6099853515625,80.76000213623047
2026-02-25,689.4859008789062,73.06050109863281,87.89857482910156,473.4200134277344,79.7300033569336
2026-02-26,685.6561889648438,72.94258117675781,88.25051879882812,477.4800109863281,79.7699966430664
2026-02-27,682.3637084960938,72.6183090209961,88.78822326660156,483.75,81.94999694824219
2026-03-02,682.751708984375,71.18363189697266,87.89659118652344,490.0,87.19000244140625
2026-03-03,676.7337036132812,68.90386962890625,87.72004699707031,468.1400146484375,90.19999694824219
2026-03-04,681.5082397460938,69.78825378417969,87.44539642333984,471.79998779296875,91.55999755859375
2026-03-05,677.70849609375,68.31427001953125,87.09228515625,466.1300048828125,96.30999755859375
2026-03-06,668.82568359375,67.79345703125,86.76858520507812,473.510009765625,108.7699966430664
2026-03-09,674.6845703125,68.10791015625,87.52386474609375,472.5299987792969,104.33000183105469
2026-03-10,673.6002807617188,68.15704345703125,86.59203338623047,477.8599853515625,105.86000061035156
2026-03-11,672.7548217773438,68.03912353515625,85.47383117675781,476.239990234375,108.05000305175781
2026-03-12,662.5390625,67.09577178955078,85.30708312988281,466.8800048828125,118.38999938964844
2026-03-13,658.7890014648438,66.2212142944336,84.88529968261719,460.8399963378906,119.88999938964844
2026-03-16,665.493408203125,67.31195831298828,85.54248809814453,460.42999267578125,115.02999877929688
2026-03-17,667.2440185546875,67.60675811767578,85.77790069580078,459.2699890136719,118.83999633789062
2026-03-18,657.9335327148438,66.2605209350586,85.2972640991211,444.739990234375,121.66999816894531
2026-03-19,656.3121948242188,66.1229476928711,85.817138671875,426.4100036621094,117.36000061035156
2026-03-20,646.9034423828125,64.0691909790039,84.18887329101562,413.3800048828125,121.43000030517578
2026-03-23,653.6959228515625,65.62178802490234,84.73816680908203,404.0400085449219,110.55999755859375
2026-03-24,651.5015869140625,65.33682250976562,84.36543273925781,404.1300048828125,114.54000091552734
2026-03-25,655.1322021484375,66.28016662597656,85.1795654296875,416.2900085449219,113.38999938964844
2026-03-26,643.432373046875,64.94375610351562,84.46351623535156,400.6400146484375,117.26000213623047
2026-03-27,632.4606323242188,64.34434509277344,84.00251007080078,414.70001220703125,124.19999694824219
2026-03-30,630.3460693359375,64.69808959960938,85.12071228027344,414.5799865722656,129.8300018310547
2026-03-31,648.6688842773438,66.76167297363281,85.03244018554688,430.2900085449219,127.25
2026-04-01,653.5562744140625,67.73450469970703,84.94872283935547,437.82000732421875,124.08999633789062
2026-04-02,654.144775390625,67.41022491455078,85.47066497802734,429.4100036621094,137.9199981689453
2026-04-06,657.23681640625,67.78363800048828,85.33279418945312,427.6499938964844,138.94000244140625
2026-04-07,657.5260009765625,67.64605712890625,85.32294464111328,431.80999755859375,138.0800018310547
2026-04-08,674.27294921875,70.31888580322266,85.59869384765625,434.5299987792969,124.58000183105469
2026-04-09,678.162841796875,70.20097351074219,85.38203430175781,437.9100036621094,126.95999908447266
2026-04-10,677.7140502929688,70.41716003417969,85.17522430419922,437.1300048828125,124.81999969482422
2026-04-13,684.3369750976562,70.91830444335938,85.4312744140625,435.3599853515625,128.47000122070312
2026-04-14,692.675537109375,71.45877075195312,85.88428497314453,445.0899963378906,123.8499984741211
2026-04-15,698.1414184570312,71.13449096679688,85.51007080078125,440.4599914550781,122.58999633789062
2026-04-16,699.8569946289062,70.90848541259766,84.96842193603516,440.0799865722656,125.83999633789062
2026-04-17,708.3152465820312,71.97957611083984,85.74640655517578,445.92999267578125,116.04000091552734
2026-04-20,706.8988037109375,71.74374389648438,85.72671508789062,442.0899963378906,121.31999969482422
2026-04-21,702.2708129882812,70.19114685058594,85.2540054321289,429.57000732421875,128.25
2026-04-22,709.3825073242188,70.33854675292969,85.42141723632812,435.260009765625,129.39999389648438
2026-04-23,706.6295776367188,69.90617370605469,85.23431396484375,431.0400085449219,134.72000122070312
2026-04-24,712.10546875,70.33854675292969,85.39188385009766,433.25,132.39999389648438
2026-04-27,713.332275390625,69.97496032714844,84.96842193603516,429.8900146484375,134.72000122070312
2026-04-28,709.8612060546875,69.61137390136719,85.05706024169922,421.9100036621094,139.60000610351562
2026-04-29,709.7515258789062,68.80559539794922,84.3972396850586,417.4100036621094,150.6300048828125
2026-04-30,716.8132934570312,70.44664001464844,84.31845092773438,423.6600036621094,147.08999633789062
2026-05-01,718.7982177734375,70.40733337402344,84.61992645263672,423.17999267578125,142.8000030517578
2026-05-04,716.1649780273438,69.14952850341797,83.9774398803711,414.7099914550781,147.61000061035156
2026-05-05,721.9102172851562,70.11253356933594,84.44200897216797,418.2699890136719,144.1699981689453
2026-05-06,731.9443359375,72.09749603271484,85.08448791503906,430.9599914550781,133.9499969482422
2026-05-07,729.7001342773438,70.53507232666016,84.65946960449219,431.67999267578125,134.97000122070312
2026-05-08,735.724609375,71.10501098632812,85.08448791503906,433.7699890136719,133.58999633789062
2026-05-11,737.4002685546875,70.9969253540039,84.57050323486328,434.6499938964844,138.66000366210938
2026-05-12,736.2831420898438,70.3483657836914,84.00709533691406,432.92999267578125,144.3000030517578
2026-05-13,740.4025268554688,70.79056549072266,83.81929779052734,430.5,142.0399932861328
2026-05-14,746.2474975585938,70.65299224853516,83.93790435791016,427.2099914550781,143.0
2026-05-15,737.2706298828125,69.26744842529297,82.69247436523438,417.2900085449219,148.22999572753906
2026-05-18,736.751953125,70.2894058227539,82.5936279296875,418.42999267578125,149.2899932861328
2026-05-19,731.8446044921875,69.88652038574219,82.05987548828125,411.5,152.9600067138672
2026-05-20,739.3452758789062,71.12466430664062,82.93959045410156,417.3999938964844,144.27000427246094
2026-05-21,740.8114624023438,71.70443725585938,83.24600219726562,416.989990234375,142.5399932861328
2026-05-22,743.7239990234375,71.45877075195312,83.70067596435547,413.82000732421875,140.9199981689453
2026-05-26,748.6613159179688,72.23506927490234,84.1158218383789,414.0,137.0
2026-05-27,748.5316162109375,72.1662826538086,84.31350708007812,408.489990234375,131.02999877929688
2026-05-28,752.6609497070312,71.89114379882812,84.74842071533203,412.7699890136719,130.77999877929688
2026-05-29,754.5361328125,71.84201049804688,84.76819610595703,417.1199951171875,129.08999633789062
2026-06-01,756.5908203125,71.48825073242188,84.81383514404297,411.260009765625,135.5
2026-06-02,757.6182250976562,71.94026947021484,84.99246215820312,411.95001220703125,137.27000427246094
2026-06-03,752.3018798828125,71.0362319946289,84.65506744384766,407.8699951171875,140.86000061035156
2026-06-04,755.1445922851562,71.85183715820312,84.8436050415039,411.2699890136719,136.74000549316406
2026-06-05,735.65478515625,70.3287124633789,84.406982421875,396.239990234375,133.02000427246094
2026-06-08,737.3204345703125,70.67264556884766,83.97036743164062,397.2699890136719,135.14999389648438
2026-06-09,735.1560668945312,71.00675201416016,84.4665298461914,390.7799987792969,131.3000030517578
2026-06-10,723.56591796875,70.12236022949219,84.22836303710938,374.5799865722656,134.3000030517578
2026-06-11,735.8642578125,72.4021224975586,85.3199234008789,386.32000732421875,128.8300018310547
2026-06-12,739.843994140625,72.5790023803711,85.11153411865234,386.5400085449219,125.43000030517578
2026-06-15,752.890380859375,72.68000030517578,85.06192016601562,396.54998779296875,121.20999908447266
2026-06-16,748.4019775390625,72.68000030517578,85.52831268310547,397.6300048828125,115.47000122070312
2026-06-17,739.0560302734375,72.25,85.66724395751953,388.6000061035156,114.2300033569336
2026-06-18,746.739990234375,72.4000015258789,86.08401489257812,387.1199951171875,114.87000274658203
2026-06-22,744.3900146484375,72.37000274658203,85.42906951904297,384.5899963378906,112.69000244140625
2026-06-23,733.5800170898438,71.44999694824219,85.5382308959961,377.32000732421875,111.26000213623047
2026-06-24,733.239990234375,71.3499984741211,86.70916748046875,365.9200134277344,106.29000091552734
2026-06-25,734.2999877929688,72.16999816894531,86.67940521240234,369.4599914550781,109.30999755859375
2026-06-26,728.989990234375,71.76000213623047,86.6893310546875,373.6300048828125,105.4800033569336
2026-06-29,741.0,72.37999725341797,86.77863311767578,368.5799865722656,107.08000183105469
2026-06-30,746.77001953125,72.8499984741211,85.75653839111328,368.3800048828125,106.44000244140625
2026-07-01,745.760009765625,72.16999816894531,85.1768798828125,370.6000061035156,103.2699966430664
2026-07-02,744.780029296875,73.5999984741211,85.16692352294922,378.1300048828125,103.9800033569336
2026-07-06,751.280029296875,73.9000015258789,85.1071548461914,382.1300048828125,104.3499984741211
2026-07-07,747.7100219726562,73.26000213623047,84.21077728271484,377.489990234375,108.91999816894531
2026-07-08,745.4000244140625,72.47000122070312,84.02153778076172,374.45001220703125,112.20999908447266
2026-07-09,751.7100219726562,72.69000244140625,84.15100860595703,378.17999267578125,109.01000213623047
2026-07-10,754.9500122070312,72.77999877929688,84.13109588623047,377.010009765625,108.69999694824219
2026-07-13,749.1699829101562,72.20999908447266,83.63310241699219,367.1300048828125,117.79000091552734
2026-07-14,751.8300170898438,72.55000305175781,83.74266052246094,372.1499938964844,120.16999816894531
2026-07-15,754.8099975585938,73.12000274658203,83.90201568603516,372.3500061035156,121.37999725341797
2026-07-16,750.719970703125,72.79000091552734,83.87213134765625,364.9599914550781,119.30000305175781
2026-07-17,743.2899780273438,72.70999908447266,84.1808853149414,368.4100036621094,123.95999908447266
2026-07-20,742.0900268554688,71.95999908447266,83.55342102050781,367.6000061035156,125.51000213623047
2026-07-21,748.280029296875,72.73999786376953,83.32434844970703,374.80999755859375,128.85000610351562
2026-07-22,747.4099731445312,73.05000305175781,83.105224609375,379.1199951171875,131.67999267578125
2026-07-23,738.1799926757812,72.04000091552734,82.8363037109375,371.5199890136719,139.49000549316406
2026-07-24,738.9299926757812,72.55000305175781,82.91598510742188,371.8999938964844,136.69000244140625
2026-07-27,739.0900268554688,72.87000274658203,83.41397857666016,374.6300048828125,124.76000213623047
2026-07-28,740.8599853515625,73.12999725341797,83.90201568603516,369.3699951171875,120.48999786376953
2026-07-29,729.4600219726562,72.91000366210938,82.51759338378906,371.0799865722656,129.30999755859375
2026-07-30,741.6900024414062,74.62000274658203,82.4677963256836,377.1600036621094,127.4800033569336
2026-07-31,747.030029296875,74.29000091552734,81.91999816894531,371.5400085449219,129.1699981689453
2026-08-03,757.6699829101562,74.61000061035156,82.19000244140625,371.7099914550781,122.12000274658203
2026-08-04,771.3300170898438,75.33999633789062,82.81999969482422,374.1600036621094,115.77999877929688
2026-08-05,769.7899780273438,75.27999877929688,83.0,389.6400146484375,114.87999725341797
