Date,RHM.DE,IDR.MC,MC.PA,0P0001KGI5.F,EUNL.DE
2023-08-08,261.5160827636719,12.952689170837402,755.2262573242188,12.130000114440918,77.21800231933594
2023-08-09,259.9571228027344,13.030658721923828,755.0390625,11.9399995803833,77.16400146484375
2023-08-10,258.6904602050781,12.981927871704102,780.95556640625,11.930000305175781,77.55999755859375
2023-08-11,253.428955078125,12.942943572998047,767.5763549804688,11.850000381469727,77.03800201416016
2023-08-14,258.0083923339844,13.001420021057129,763.6467895507812,12.069999694824219,77.5199966430664
2023-08-15,253.13665771484375,12.923450469970703,752.3258056640625,11.949999809265137,77.00199890136719
2023-08-16,243.49057006835938,12.952689170837402,751.203125,11.84000015258789,76.84400177001953
2023-08-17,241.05470275878906,12.85522747039795,734.5491943359375,11.720000267028809,76.32599639892578
2023-08-18,243.00338745117188,12.913704872131348,726.877197265625,11.720000267028809,75.74800109863281
2023-08-21,242.61366271972656,12.874719619750977,733.4264526367188,11.9399995803833,75.78399658203125
2023-08-22,239.39830017089844,12.82598876953125,739.3208618164062,12.0,76.51599884033203
2023-08-23,242.22393798828125,12.738272666931152,739.5079345703125,12.239999771118164,76.98600006103516
2023-08-24,239.00856018066406,12.572587013244629,733.2393798828125,12.0,76.72000122070312
2023-08-25,237.0598602294922,12.601825714111328,734.7362670898438,12.050000190734863,76.7699966430664
2023-08-28,242.41879272460938,12.660303115844727,747.08642578125,12.050000190734863,77.3239974975586
2023-08-29,243.49057006835938,12.738272666931152,757.8460083007812,12.329999923706055,77.98999786376953
2023-08-30,241.7367401123047,12.709033966064453,752.2322387695312,12.319999694824219,77.95800018310547
2023-08-31,244.8546600341797,12.718780517578125,731.8358764648438,12.5,78.5479965209961
2023-09-01,241.83416748046875,12.718780517578125,725.8479614257812,12.600000381469727,78.90599822998047
2023-09-04,241.24957275390625,12.787003517150879,722.85400390625,12.600000381469727,78.90599822998047
2023-09-05,242.51622009277344,12.874719619750977,710.2232666015625,12.770000457763672,79.2239990234375
2023-09-06,240.37265014648438,12.903958320617676,684.4005126953125,12.649999618530273,78.56199645996094
2023-09-07,238.42393493652344,13.050151824951172,677.4768676757812,12.510000228881836,78.46199798583984
2023-09-08,238.32652282714844,13.176852226257324,692.3531494140625,12.470000267028809,78.63999938964844
2023-09-11,245.34185791015625,13.303550720214844,694.4114379882812,12.520000457763672,78.6259994506836
2023-09-12,248.45977783203125,13.381521224975586,687.11376953125,12.390000343322754,78.69400024414062
2023-09-13,247.58285522460938,13.51796817779541,682.6226806640625,12.399999618530273,78.6500015258789
2023-09-14,250.21359252929688,13.790861129760742,694.7857055664062,12.579999923706055,79.64399719238281
2023-09-15,253.8187255859375,13.790861129760742,712.1881103515625,12.329999923706055,79.26599884033203
2023-09-18,258.2032775878906,13.703145980834961,694.6920776367188,12.300000190734863,78.91799926757812
2023-09-19,254.0135955810547,13.76162338256836,689.359130859375,12.229999542236328,78.5459976196289
2023-09-20,251.57769775390625,13.722638130187988,689.2655639648438,12.020000457763672,78.78800201416016
2023-09-21,244.46493530273438,13.68365478515625,682.342041015625,11.8100004196167,77.53600311279297
2023-09-22,243.9777374267578,13.527714729309082,685.1488037109375,11.859999656677246,77.48600006103516
2023-09-25,242.41879272460938,13.508221626281738,667.3722534179688,12.0,77.44999694824219
2023-09-26,244.3675079345703,13.33279037475586,657.7354736328125,11.800000190734863,76.80400085449219
2023-09-27,242.02903747558594,13.381521224975586,653.7122802734375,11.960000038146973,76.99800109863281
2023-09-28,245.24441528320312,13.410760879516602,660.542236328125,12.050000190734863,77.16600036621094
2023-09-29,237.6444549560547,13.352283477783203,670.2727661132812,12.079999923706055,77.27999877929688
2023-10-02,233.35731506347656,13.303550720214844,668.8692016601562,12.3100004196167,77.19599914550781
2023-10-03,231.11630249023438,12.952689170837402,659.8872680664062,12.069999694824219,76.22200012207031
2023-10-04,227.02403259277344,12.689541816711426,666.6238403320312,12.170000076293945,75.98999786376953
2023-10-05,228.38812255859375,12.621317863464355,674.2021484375,12.140000343322754,76.0199966430664
2023-10-06,227.8035125732422,12.787003517150879,682.71630859375,12.399999618530273,76.46399688720703
2023-10-09,244.07518005371094,13.001420021057129,664.9396362304688,12.430000305175781,76.95800018310547
2023-10-10,248.07003784179688,13.128121376037598,686.2716064453125,12.449999809265137,78.01200103759766
2023-10-11,254.7930450439453,13.196344375610352,641.923583984375,12.529999732971191,77.6760025024414
2023-10-12,261.7109680175781,13.391266822814941,631.538330078125,12.609999656677246,78.31999969482422
2023-10-13,262.1981506347656,13.098881721496582,618.0654907226562,12.430000305175781,77.8479995727539
2023-10-16,262.685302734375,13.089136123657227,624.1469116210938,12.479999542236328,78.19599914550781
2023-10-17,261.1263427734375,13.235328674316406,625.36328125,12.420000076293945,78.03199768066406
2023-10-18,260.2494201660156,13.079389572143555,624.708251953125,12.25,77.58399963378906
2023-10-19,251.6751251220703,12.991673469543457,627.4215698242188,12.119999885559082,76.7020034790039
2023-10-20,253.2340850830078,12.767511367797852,621.24658203125,11.899999618530273,75.35399627685547
2023-10-23,252.25975036621094,12.757765769958496,626.2988891601562,11.890000343322754,75.0739974975586
2023-10-24,260.1520080566406,12.903958320617676,637.15185546875,12.050000190734863,75.47599792480469
2023-10-25,259.8597106933594,13.001420021057129,635.374267578125,11.729999542236328,75.14600372314453
2023-10-26,264.0494079589844,12.884467124938965,625.36328125,11.5,74.5739974975586
2023-10-27,259.27508544921875,12.806496620178223,618.8140258789062,11.5600004196167,73.9219970703125
2023-10-30,263.1724853515625,12.806496620178223,627.7958374023438,11.5600004196167,73.99400329589844
2023-10-31,263.46478271484375,12.913704872131348,631.0704956054688,11.720000267028809,74.61399841308594
2023-11-01,269.4083251953125,12.972182273864746,631.8189697265625,11.989999771118164,75.47799682617188
2023-11-02,264.53656005859375,12.835734367370605,655.9577026367188,12.109999656677246,76.60600280761719
2023-11-03,263.46478271484375,12.611572265625,657.5484008789062,12.1899995803833,77.0
2023-11-06,265.41351318359375,12.621317863464355,652.3088989257812,12.25,76.75599670410156
2023-11-07,264.92633056640625,12.738272666931152,652.5894775390625,12.470000267028809,77.25599670410156
2023-11-08,267.45965576171875,12.894211769104004,658.2032470703125,12.510000228881836,76.9540023803711
2023-11-09,265.0237731933594,12.923450469970703,668.4014282226562,12.449999809265137,77.29000091552734
2023-11-10,266.58270263671875,13.196344375610352,642.8590698242188,12.75,77.13200378417969
2023-11-13,275.25445556640625,13.362029075622559,644.1690063476562,12.729999542236328,77.64199829101562
2023-11-14,271.5519104003906,13.625175476074219,661.3843383789062,12.850000381469727,78.1760025024414
2023-11-15,273.1108703613281,13.586191177368164,672.7052612304688,12.84000015258789,78.41999816894531
2023-11-16,269.7006530761719,13.566699028015137,660.6357421875,12.869999885559082,77.9739990234375
2023-11-17,271.941650390625,13.566699028015137,665.7816772460938,12.880000114440918,78.30999755859375
2023-11-20,271.64935302734375,13.73238468170166,671.4889526367188,12.979999542236328,78.30999755859375
2023-11-21,281.6851806640625,13.800607681274414,658.7645263671875,12.930000305175781,78.36399841308594
2023-11-22,281.5877380371094,14.005277633666992,666.4366455078125,13.039999961853027,79.02799987792969
2023-11-23,276.2287902832031,14.151471138000488,665.7816772460938,13.039999961853027,78.98600006103516
2023-11-24,276.13134765625,14.024770736694336,661.3843383789062,12.899999618530273,78.83999633789062
2023-11-27,266.9724426269531,13.898070335388184,652.4024047851562,12.90999984741211,78.7239990234375
2023-11-28,267.06988525390625,13.927308082580566,640.4265747070312,12.90999984741211,78.52400207519531
2023-11-29,268.1416931152344,13.937054634094238,646.040283203125,13.029999732971191,78.6520004272461
2023-11-30,268.921142578125,13.790861129760742,657.4547729492188,13.029999732971191,78.9739990234375
2023-12-01,274.4749755859375,13.97603988647461,654.1800537109375,13.149999618530273,79.81800079345703
2023-12-04,276.13134765625,13.966293334960938,658.895263671875,13.010000228881836,79.81800079345703
2023-12-05,276.2287902832031,13.94680118560791,672.5692749023438,13.039999961853027,79.81800079345703
2023-12-06,275.25445556640625,13.859085083007812,677.66162109375,12.949999809265137,79.81800079345703
2023-12-07,270.8698425292969,13.586191177368164,674.8324584960938,13.149999618530273,80.37999725341797
2023-12-08,277.3980407714844,13.859085083007812,696.99365234375,13.279999732971191,80.85800170898438
2023-12-11,276.6185607910156,13.527714729309082,697.8424682617188,13.390000343322754,81.13999938964844
2023-12-12,279.44415283203125,13.76162338256836,691.8070068359375,13.460000038146973,81.13400268554688
2023-12-13,282.3672180175781,13.654415130615234,692.6557006835938,13.59000015258789,81.4540023803711
2023-12-14,278.4698181152344,13.410760879516602,704.2550659179688,13.390000343322754,81.39600372314453
2023-12-15,278.27496337890625,13.586191177368164,705.7638549804688,13.569999694824219,81.96199798583984
2023-12-18,276.033935546875,13.605683326721191,699.5398559570312,13.619999885559082,81.99800109863281
2023-12-19,277.6903381347656,13.781115531921387,703.029052734375,13.569999694824219,82.0979995727539
2023-12-20,277.105712890625,13.664161682128906,704.349365234375,13.40999984741211,82.37999725341797
2023-12-21,278.85955810546875,13.664161682128906,701.0487060546875,13.579999923706055,81.74800109863281
2023-12-22,277.3980407714844,13.644668579101562,695.6734008789062,13.539999961853027,82.05000305175781
2023-12-27,279.5415954589844,13.63492202758789,693.5045166015625,13.539999961853027,81.75599670410156
2023-12-28,280.32110595703125,13.703145980834961,689.3551635742188,13.600000381469727,82.0780029296875
2023-12-29,279.6390380859375,13.644668579101562,691.8070068359375,13.59000015258789,82.26000213623047
2024-01-02,291.526123046875,13.722638130187988,681.8109130859375,13.350000381469727,82.21600341796875
2024-01-03,289.382568359375,13.576445579528809,655.7832641601562,13.220000267028809,81.84200286865234
2024-01-04,297.2748107910156,13.615429878234863,658.0465087890625,13.069999694824219,81.7979965209961
2024-01-05,297.2748107910156,13.654415130615234,649.6536254882812,13.069999694824219,81.62799835205078
2024-01-08,299.51580810546875,13.810354232788086,651.9168701171875,13.449999809265137,81.78800201416016
2024-01-09,297.2748107910156,13.712892532348633,641.9207763671875,13.640000343322754,82.38999938964844
2024-01-10,298.1517028808594,13.898070335388184,644.0896606445312,13.65999984741211,82.43599700927734
2024-01-11,300.2953186035156,14.502333641052246,633.905029296875,13.779999732971191,82.09600067138672
2024-01-12,307.70037841796875,14.823958396911621,631.7359619140625,13.770000457763672,82.68399810791016
2024-01-15,307.5055236816406,14.92142105102539,631.075927734375,13.770000457763672,82.74400329589844
2024-01-16,312.1824035644531,14.85319709777832,628.3411254882812,13.989999771118164,82.96199798583984
2024-01-17,317.4438781738281,15.252789497375488,610.517822265625,13.930000305175781,82.38600158691406
2024-01-18,325.62847900390625,15.3989839553833,625.6063232421875,14.170000076293945,82.72000122070312
2024-01-19,321.8284912109375,15.272282600402832,621.8341674804688,14.5600004196167,83.00399780273438
2024-01-22,325.23870849609375,15.50619125366211,625.1348266601562,14.65999984741211,83.95999908447266
2024-01-23,316.7618408203125,15.369746208190918,632.20751953125,14.739999771118164,84.06800079345703
2024-01-24,323.1925964355469,15.603653907775879,644.4669189453125,14.800000190734863,84.5199966430664
2024-01-25,319.392578125,15.710862159729004,646.2586669921875,14.970000267028809,84.88600158691406
2024-01-26,308.8695983886719,15.78883171081543,729.056640625,14.779999732971191,84.9540023803711
2024-01-29,318.2234191894531,15.808323860168457,732.0744018554688,15.109999656677246,85.30999755859375
2024-01-30,316.56695556640625,15.935025215148926,737.4496459960938,14.979999542236328,85.53600311279297
2024-01-31,316.46954345703125,16.051977157592773,729.5281982421875,14.59000015258789,85.04399871826172
2024-02-01,320.07464599609375,15.915531158447266,726.6991577148438,14.789999961853027,84.69000244140625
2024-02-02,319.7823486328125,15.593907356262207,733.7718505859375,15.289999961853027,86.06199645996094
2024-02-05,319.10028076171875,15.61340045928955,736.2238159179688,15.289999961853027,86.16200256347656
2024-02-06,324.9464111328125,15.652383804321289,735.0921020507812,15.229999542236328,86.3740005493164
2024-02-07,325.23870849609375,15.681623458862305,739.4299926757812,15.460000038146973,86.75
2024-02-08,323.58233642578125,15.54517650604248,758.6678466796875,15.710000038146973,86.78600311279297
2024-02-09,327.9669189453125,15.69136905670166,761.4970092773438,15.970000267028809,86.92400360107422
2024-02-12,339.951416015625,15.808323860168457,775.07666015625,15.930000305175781,87.66000366210938
2024-02-13,355.63848876953125,15.535429954528809,755.1786499023438,15.699999809265137,86.80400085449219
2024-02-14,355.0538635253906,15.554922103881836,756.8760986328125,15.989999771118164,86.9260025024414
2024-02-15,367.5256042480469,15.447714805603027,769.1354370117188,16.020000457763672,87.36000061035156
2024-02-16,378.24346923828125,15.54517650604248,769.3241577148438,15.789999961853027,87.71199798583984
2024-02-19,393.7356872558594,15.486699104309082,775.07666015625,15.789999961853027,87.54199981689453
2024-02-20,391.59210205078125,15.428221702575684,773.4735107421875,15.390000343322754,86.66200256347656
2024-02-21,389.7408142089844,15.350252151489258,774.793701171875,15.170000076293945,86.56400299072266
2024-02-22,391.397216796875,15.486699104309082,792.5226440429688,15.850000381469727,88.04399871826172
2024-02-23,399.776611328125,15.525684356689453,801.6699829101562,15.760000228881836,88.38999938964844
2024-02-26,410.981689453125,15.662130355834961,794.2200927734375,15.800000190734863,88.04000091552734
2024-02-27,404.1612243652344,15.623147010803223,801.952880859375,15.779999732971191,87.9260025024414
2024-02-28,410.5919494628906,16.646495819091797,799.4067993164062,15.710000038146973,87.96600341796875
2024-02-29,413.125244140625,17.221521377563477,794.7859497070312,16.030000686645508,88.197998046875
2024-03-01,418.0944519042969,17.24101448059082,798.180908203125,16.31999969482422,88.7959976196289
2024-03-04,418.97137451171875,17.40669822692871,791.9568481445312,16.3700008392334,88.75599670410156
2024-03-05,423.35595703125,17.143550872802734,781.8663940429688,16.09000015258789,88.1780014038086
2024-03-06,421.21234130859375,17.416446685791016,785.1669921875,16.25,88.52999877929688
2024-03-07,425.3046569824219,17.806293487548828,791.9568481445312,16.459999084472656,88.89600372314453
2024-03-08,410.981689453125,17.66010284423828,796.766357421875,16.06999969482422,88.90799713134766
2024-03-11,404.8432922363281,17.591875076293945,801.952880859375,15.829999923706055,88.33000183105469
2024-03-12,407.57147216796875,17.61136817932129,810.0630493164062,16.1299991607666,89.05599975585938
2024-03-13,410.4945068359375,17.825786590576172,817.7958374023438,15.920000076293945,89.09600067138672
2024-03-14,432.2225646972656,18.059694290161133,823.0768432617188,15.899999618530273,89.17400360107422
2024-03-15,445.18145751953125,18.147411346435547,813.1749877929688,15.680000305175781,88.61000061035156
2024-03-18,464.8633728027344,18.235124588012695,809.2142944335938,15.680000305175781,89.40799713134766
2024-03-19,475.2889099121094,18.274110794067383,811.1946411132812,15.869999885559082,89.54000091552734
2024-03-20,465.3505554199219,18.04020118713379,797.9922485351562,16.06999969482422,89.7300033569336
2024-03-21,479.1863098144531,18.069440841674805,799.595458984375,16.290000915527344,91.01799774169922
2024-03-22,487.5657653808594,17.932992935180664,781.3948974609375,16.399999618530273,90.98600006103516
2024-03-25,494.1913757324219,18.001216888427734,778.4714965820312,16.309999465942383,90.70999908447266
2024-03-26,507.637451171875,18.293603897094727,774.9822998046875,16.219999313354492,90.91600036621094
2024-03-27,498.478515625,18.517765045166016,782.9979858398438,16.149999618530273,90.85199737548828
2024-03-28,507.637451171875,18.722434997558594,786.204345703125,16.139999389648438,91.4520034790039
2024-04-02,514.068115234375,18.469036102294922,774.9822998046875,16.219999313354492,90.69400024414062
2024-04-03,519.9142456054688,18.420303344726562,769.5126953125,16.219999313354492,90.7760009765625
2024-04-04,523.2269897460938,18.50801658630371,772.7190551757812,15.90999984741211,90.8479995727539
2024-04-05,523.0321655273438,18.352079391479492,754.2356567382812,16.18000030517578,90.23400115966797
2024-04-08,546.2217407226562,18.50801658630371,761.3082885742188,16.1299991607666,90.38600158691406
2024-04-09,508.6117858886719,17.923246383666992,749.8976440429688,16.100000381469727,89.87200164794922
2024-04-10,509.5860900878906,17.90375518798828,747.822998046875,16.1299991607666,90.28600311279297
2024-04-11,519.134765625,17.932992935180664,745.4654541015625,16.43000030517578,90.43599700927734
2024-04-12,529.2680053710938,17.96223258972168,736.6952514648438,16.25,90.86000061035156
2024-04-15,537.6473999023438,18.098678588867188,749.5204467773438,15.880000114440918,90.6719970703125
2024-04-16,529.4629516601562,17.97197914123535,737.2610473632812,15.850000381469727,89.21800231933594
2024-04-17,518.1603393554688,17.650354385375977,758.1962890625,15.539999961853027,88.73799896240234
2024-04-18,497.3092956542969,17.582130432128906,751.4065551757812,15.449999809265137,88.96600341796875
2024-04-19,491.07342529296875,17.435935974121094,751.2178955078125,14.800000190734863,88.14600372314453
2024-04-22,496.7246398925781,17.513906478881836,751.4065551757812,14.880000114440918,88.2760009765625
2024-04-23,501.40155029296875,17.718578338623047,761.2120361328125,15.130000114440918,89.26599884033203
2024-04-24,507.2476806640625,17.89400863647461,761.783203125,15.239999771118164,89.27400207519531
2024-04-25,499.8426208496094,17.640607833862305,740.6490478515625,15.100000381469727,88.197998046875
2024-04-26,510.9501953125,17.738069534301758,754.1672973632812,15.520000457763672,89.80400085449219
2024-04-29,511.53485107421875,17.669845581054688,741.7913818359375,15.460000038146973,89.82599639892578
2024-04-30,503.9349060058594,17.572383880615234,737.2218627929688,15.1899995803833,89.57599639892578
2024-05-02,499.2580261230469,17.582130432128906,730.1771240234375,15.260000228881836,88.88999938964844
2024-05-03,522.8372802734375,17.55289077758789,744.4569702148438,15.350000381469727,89.6500015258789
2024-05-06,532.385986328125,19.102535247802734,744.17138671875,15.350000381469727,90.31199645996094
2024-05-07,515.2373657226562,19.248729705810547,751.501708984375,15.619999885559082,90.94599914550781
2024-05-08,521.0834350585938,19.463144302368164,750.07373046875,15.619999885559082,90.93399810791016
2024-05-09,527.9039306640625,19.268220901489258,751.1209716796875,15.579999923706055,91.13999938964844
2024-05-10,522.0578002929688,19.355937957763672,750.5498046875,15.630000114440918,91.43599700927734
2024-05-13,522.4475708007812,19.34619140625,745.0281982421875,15.630000114440918,91.31400299072266
2024-05-14,508.22198486328125,19.49238395690918,753.8817749023438,15.729999542236328,91.26000213623047
2024-05-15,507.7294921875,19.609338760375977,751.1209716796875,16.059999465942383,91.9260025024414
2024-05-16,505.7592468261719,19.68730926513672,748.2649536132812,16.030000686645508,92.28800201416016
2024-05-17,504.38006591796875,19.901723861694336,745.5994262695312,16.0,91.9739990234375
2024-05-20,523.2943725585938,20.057662963867188,741.6961669921875,16.15999984741211,92.51200103759766
2024-05-21,519.1568603515625,19.979692459106445,731.2242431640625,16.15999984741211,92.302001953125
2024-05-22,514.2312622070312,20.213600158691406,715.8020629882812,16.209999084472656,92.3479995727539
2024-05-23,526.0526733398438,20.330556869506836,716.6588134765625,16.309999465942383,92.38600158691406
2024-05-24,522.9002685546875,20.272077560424805,713.9932861328125,16.459999084472656,92.03600311279297
2024-05-27,524.2794799804688,20.213600158691406,719.8956298828125,16.459999084472656,92.23999786376953
2024-05-28,515.807373046875,19.84324836730957,709.6141357421875,16.610000610351562,91.89399719238281
2024-05-29,507.3354187011719,20.213600158691406,689.4319458007812,16.610000610351562,91.55400085449219
2024-05-30,508.9115905761719,20.700910568237305,699.1422729492188,16.149999618530273,91.24600219726562
2024-05-31,519.9448852539062,20.564464569091797,699.6182861328125,15.970000267028809,90.72599792480469
2024-06-03,527.0377807617188,21.051774978637695,702.5693969726562,15.970000267028809,91.41799926757812
2024-06-04,509.3056640625,20.837356567382812,699.71337890625,16.049999237060547,91.14600372314453
2024-06-05,515.807373046875,20.973806381225586,716.4684448242188,16.530000686645508,92.27400207519531
2024-06-06,516.0044555664062,21.207714080810547,726.0836181640625,16.549999237060547,92.58200073242188
2024-06-07,524.8704833984375,21.012788772583008,725.8931884765625,16.59000015258789,93.0719985961914
2024-06-10,523.4913330078125,20.973806381225586,710.470947265625,16.8799991607666,93.447998046875
2024-06-11,509.69970703125,20.408525466918945,701.236572265625,17.020000457763672,93.27999877929688
2024-06-12,505.95623779296875,20.350048065185547,700.09423828125,17.25,93.81199645996094
2024-06-13,498.4693603515625,19.960201263427734,696.3814086914062,17.520000457763672,93.78399658203125
2024-06-14,472.0682373046875,19.667816162109375,677.2463989257812,17.700000762939453,94.06400299072266
2024-06-17,478.76702880859375,19.68730926513672,682.9583740234375,17.799999237060547,94.07599639892578
2024-06-18,483.4955749511719,19.804262161254883,676.0087890625,17.899999618530273,94.62000274658203
2024-06-19,480.6387634277344,20.096647262573242,673.0576782226562,17.899999618530273,94.72799682617188
2024-06-20,488.9136962890625,20.311065673828125,679.3407592773438,17.780000686645508,95.11199951171875
2024-06-21,483.6925964355469,20.23309326171875,682.8631591796875,17.670000076293945,94.78600311279297
2024-06-24,492.95269775390625,19.804262161254883,691.6214599609375,17.280000686645508,94.94400024414062
2024-06-25,487.6330871582031,19.472890853881836,701.4270629882812,17.549999237060547,94.85800170898438
2024-06-26,482.8059997558594,19.355937957763672,692.0974731445312,17.649999618530273,94.87799835205078
2024-06-27,468.71881103515625,18.84913444519043,681.1495971679688,17.649999618530273,94.802001953125
2024-06-28,468.6203308105469,18.819894790649414,679.3407592773438,17.610000610351562,95.18599700927734
2024-07-01,476.2057189941406,18.946598052978516,677.817626953125,17.6299991607666,94.65399932861328
2024-07-02,474.6295166015625,18.50801658630371,675.5327758789062,17.700000762939453,94.83000183105469
2024-07-03,497.4842529296875,18.469036102294922,680.4832153320312,17.8799991607666,95.09600067138672
2024-07-04,507.5324401855469,18.663957595825195,685.2431030273438,17.8799991607666,95.2979965209961
2024-07-05,483.2985534667969,18.712690353393555,682.0064086914062,18.049999237060547,95.32599639892578
2024-07-08,489.6033020019531,18.595735549926758,662.3001708984375,18.100000381469727,95.50800323486328
2024-07-09,493.34674072265625,18.358720779418945,653.9226684570312,18.15999984741211,95.64600372314453
2024-07-10,493.7408142089844,18.694490432739258,664.10888671875,18.31999969482422,96.02200317382812
2024-07-11,503.00091552734375,18.81299591064453,675.9136962890625,17.940000534057617,95.86399841308594
2024-07-12,501.4247131347656,19.000633239746094,690.0031127929688,17.81999969482422,96.34400177001953
2024-07-15,507.7294921875,18.822872161865234,671.724853515625,17.829999923706055,96.36000061035156
2024-07-16,505.7592468261719,19.22776985168457,658.8729858398438,17.850000381469727,96.48799896240234
2024-07-17,476.50128173828125,19.30677604675293,657.064208984375,16.959999084472656,95.48600006103516
2024-07-18,485.662841796875,19.48453712463379,657.159423828125,16.780000686645508,94.93599700927734
2024-07-19,482.904541015625,19.30677604675293,647.16357421875,16.56999969482422,94.33000183105469
2024-07-22,486.3524475097656,19.711673736572266,658.8729858398438,16.760000228881836,94.78399658203125
2024-07-23,486.450927734375,19.563541412353516,658.39697265625,16.959999084472656,95.67400360107422
2024-07-24,488.6181945800781,19.138891220092773,627.742919921875,16.290000915527344,94.03800201416016
2024-07-25,464.38427734375,18.99075698852539,621.269287109375,16.010000228881836,93.552001953125
2024-07-26,482.0179138183594,18.961132049560547,631.2652587890625,16.030000686645508,93.72200012207031
2024-07-29,485.9583435058594,18.961132049560547,623.2685546875,16.079999923706055,93.9219970703125
2024-07-30,491.08099365234375,18.585857391357422,621.0790405273438,15.8100004196167,93.96199798583984
2024-07-31,496.3020935058594,18.309343338012695,621.6502075195312,16.43000030517578,95.3740005493164
2024-08-01,489.11077880859375,17.97357177734375,611.1783447265625,16.079999923706055,94.38600158691406
2024-08-02,472.954833984375,17.4205379486084,600.2304077148438,15.359999656677246,90.7040023803711
2024-08-05,473.1518249511719,16.739124298095703,594.3280639648438,15.359999656677246,88.63400268554688
2024-08-06,482.51043701171875,16.758872985839844,592.0433349609375,15.130000114440918,89.3280029296875
2024-08-07,487.2390441894531,16.83787727355957,601.0872192382812,15.09000015258789,90.66999816894531
2024-08-08,503.98602294921875,16.49223518371582,602.8959350585938,15.550000190734863,90.64399719238281
2024-08-09,530.3871459960938,16.50210952758789,605.46630859375,15.670000076293945,91.00399780273438
2024-08-12,537.8740844726562,16.403352737426758,604.6095581054688,15.729999542236328,91.16799926757812
2024-08-13,539.4502563476562,16.245344161987305,603.7527465820312,16.139999389648438,92.0719985961914
2024-08-14,549.6954345703125,16.344099044799805,613.2725830078125,16.100000381469727,92.30599975585938
2024-08-15,554.818115234375,16.324350357055664,624.506103515625,16.530000686645508,93.91799926757812
2024-08-16,553.8329467773438,16.31447410583496,626.5052490234375,16.65999984741211,94.052001953125
2024-08-19,542.9967041015625,16.255218505859375,642.117919921875,16.719999313354492,94.2959976196289
2024-08-20,526.6436767578125,16.215717315673828,645.259521484375,16.639999389648438,94.10199737548828
2024-08-21,528.8109741210938,16.393478393554688,646.2114868164062,16.670000076293945,94.18399810791016
2024-08-22,525.6586303710938,16.50210952758789,645.449951171875,16.43000030517578,94.3479995727539
2024-08-23,527.431884765625,16.50210952758789,648.4010620117188,16.510000228881836,94.36599731445312
2024-08-26,527.0377807617188,16.60086441040039,649.2578125,16.510000228881836,94.33000183105469
2024-08-27,527.6287841796875,16.46260643005371,637.6436157226562,16.309999465942383,94.38800048828125
2024-08-28,535.3128051757812,16.541610717773438,634.2164916992188,16.219999313354492,94.37000274658203
2024-08-29,534.5245971679688,16.729248046875,644.8787841796875,16.200000762939453,95.44200134277344
2024-08-30,533.93359375,16.709495544433594,641.9275512695312,16.350000381469727,95.13200378417969
2024-09-02,519.5509033203125,16.788501739501953,640.88037109375,16.350000381469727,95.69999694824219
2024-09-03,512.2610473632812,16.41322898864746,638.6907958984375,15.6899995803833,94.77999877929688
2024-09-04,515.6104736328125,16.324350357055664,611.7494506835938,15.40999984741211,93.63200378417969
2024-09-05,507.5324401855469,16.31447410583496,589.4728393554688,15.40999984741211,93.03199768066406
2024-09-06,494.5289001464844,16.146589279174805,582.6185302734375,15.010000228881836,91.76599884033203
2024-09-09,499.4544677734375,16.37372589111328,586.6168823242188,15.199999809265137,92.83999633789062
2024-09-10,503.39495849609375,16.46260643005371,582.9993286132812,15.300000190734863,93.01200103759766
2024-09-11,502.60687255859375,16.294721603393555,577.8585815429688,15.729999542236328,92.58799743652344
2024-09-12,514.0342407226562,16.50210952758789,577.6681518554688,15.989999771118164,94.302001953125
2024-09-13,513.2461547851562,16.620616912841797,578.90576171875,16.020000457763672,94.98600006103516
2024-09-16,510.4878234863281,16.383602142333984,574.6217651367188,15.920000076293945,94.5459976196289
2024-09-17,476.0086975097656,16.324350357055664,578.52490234375,15.869999885559082,95.14800262451172
2024-09-18,474.136962890625,16.018205642700195,567.29150390625,15.789999961853027,94.64600372314453
2024-09-19,486.25390625,16.49223518371582,584.5224609375,16.25,95.99600219726562
2024-09-20,480.44171142578125,16.195966720581055,563.4835815429688,16.25,95.35800170898438
2024-09-23,481.5253601074219,16.255218505859375,566.5299072265625,16.34000015258789,96.02400207519531
2024-09-24,479.4566345214844,16.393478393554688,584.6177368164062,16.459999084472656,96.05799865722656
2024-09-25,484.874755859375,16.245344161987305,587.8544921875,16.540000915527344,96.08200073242188
2024-09-26,477.0923156738281,16.472482681274414,645.9259033203125,16.760000228881836,96.30799865722656
2024-09-27,475.1220703125,16.590988159179688,669.6304931640625,16.649999618530273,96.66200256347656
2024-09-30,479.16107177734375,16.28484535217285,655.44580078125,16.549999237060547,96.39600372314453
2024-10-01,503.39495849609375,16.27497100830078,632.1220703125,16.459999084472656,96.58999633789062
2024-10-02,509.1086120605469,16.936635971069336,636.310791015625,16.540000915527344,96.91200256347656
2024-10-03,509.1086120605469,16.571239471435547,629.26611328125,16.690000534057617,96.70600128173828
2024-10-04,512.2610473632812,16.966262817382812,630.1229248046875,16.989999771118164,97.2979965209961
2024-10-07,498.6664123535156,16.847753524780273,647.16357421875,16.950000762939453,97.59200286865234
2024-10-08,494.9229431152344,16.80825424194336,624.0300903320312,17.15999984741211,97.50599670410156
2024-10-09,491.96759033203125,17.04526710510254,624.8870239257812,17.360000610351562,98.29199981689453
2024-10-10,473.8414306640625,16.788501739501953,623.5540771484375,17.450000762939453,98.4520034790039
2024-10-11,466.4530334472656,16.847753524780273,621.7453002929688,17.549999237060547,98.81999969482422
2024-10-14,476.6982727050781,16.976139068603516,607.1798706054688,17.670000076293945,99.63400268554688
2024-10-15,475.8116760253906,16.926759719848633,595.375244140625,17.34000015258789,99.40599822998047
2024-10-16,474.0384521484375,16.877382278442383,573.4794311523438,17.360000610351562,99.35399627685547
2024-10-17,479.0625305175781,16.541610717773438,580.1433715820312,17.469999313354492,100.2249984741211
2024-10-18,480.8357849121094,16.68974494934082,593.2808227539062,17.5,100.12000274658203
2024-10-21,483.1015319824219,16.37372589111328,581.66650390625,17.649999618530273,99.73200225830078
2024-10-22,486.7464904785156,16.986013412475586,586.4264526367188,17.600000381469727,99.86199951171875
2024-10-23,484.7762451171875,16.758872985839844,584.1416625976562,17.389999389648438,99.53199768066406
2024-10-24,495.9080505371094,16.788501739501953,598.5167236328125,17.420000076293945,99.39199829101562
2024-10-25,478.57000732421875,16.482358932495117,596.8983764648438,17.450000762939453,99.73999786376953
2024-10-28,483.2000427246094,16.581113815307617,601.7534790039062,17.450000762939453,99.68000030517578
2024-10-29,481.4268493652344,16.541610717773438,600.6112060546875,17.68000030517578,99.76000213623047
2024-10-30,478.47149658203125,16.442855834960938,588.4255981445312,17.469999313354492,99.26200103759766
2024-10-31,466.15753173828125,15.998455047607422,580.524169921875,17.020000457763672,97.5719985961914
2024-11-01,470.8860778808594,16.265094757080078,581.66650390625,17.06999969482422,98.29399871826172
2024-11-04,461.3304443359375,15.988579750061035,577.5729370117188,16.979999542236328,97.4800033569336
2024-11-05,473.1518249511719,15.92932415008545,573.6697998046875,17.299999237060547,97.95800018310547
2024-11-06,488.4211730957031,15.92932415008545,574.1458129882812,18.049999237060547,101.0250015258789
2024-11-07,533.736572265625,16.2255916595459,589.282470703125,18.31999969482422,101.625
2024-11-08,537.8740844726562,16.324350357055664,569.6715087890625,18.479999542236328,102.3550033569336
2024-11-11,556.59130859375,16.432979583740234,570.7185668945312,18.520000457763672,103.49500274658203
2024-11-12,565.4573364257812,16.245344161987305,544.9197387695312,18.510000228881836,103.13999938964844
2024-11-13,564.275146484375,16.1367130279541,546.44287109375,18.440000534057617,103.5250015258789
2024-11-14,557.970458984375,16.195966720581055,556.3436279296875,18.280000686645508,103.42500305175781
2024-11-15,567.2305297851562,16.27497100830078,558.15234375,18.010000228881836,102.07499694824219
2024-11-18,573.7323608398438,16.2354679107666,560.3419189453125,17.93000030517578,102.3949966430664
2024-11-19,595.7989501953125,16.294721603393555,549.5844116210938,18.25,102.30000305175781
2024-11-20,587.5239868164062,16.28484535217285,547.7756958007812,18.360000610351562,102.36000061035156
2024-11-21,596.9810791015625,16.27497100830078,547.2996826171875,18.579999923706055,103.66000366210938
2024-11-22,609.78759765625,16.31447410583496,555.0108032226562,18.829999923706055,104.9000015258789
2024-11-25,599.9364624023438,16.363849639892578,564.0547485351562,18.6299991607666,104.6449966430664
2024-11-26,608.60546875,16.344099044799805,567.38671875,18.670000076293945,104.80999755859375
2024-11-27,606.832275390625,16.294721603393555,561.7698974609375,18.25,103.94000244140625
2024-11-28,611.1668090820312,16.31447410583496,558.3427734375,18.25,104.43000030517578
2024-11-29,613.1370849609375,16.45273208618164,564.0547485351562,18.43000030517578,104.80500030517578
2024-12-02,618.8507080078125,16.42310333251953,582.4080200195312,18.81999969482422,105.70500183105469
2024-12-03,625.3524780273438,16.571239471435547,585.3869018554688,18.989999771118164,105.62999725341797
2024-12-04,642.2965087890625,16.83787727355957,586.3478393554688,19.350000381469727,105.9749984741211
2024-12-05,648.4042358398438,16.976139068603516,585.3869018554688,19.219999313354492,105.84500122070312
2024-12-06,642.0994873046875,16.995887756347656,605.7582397460938,19.440000534057617,105.8949966430664
2024-12-09,603.8768920898438,16.986013412475586,627.0903930664062,19.079999923706055,105.55000305175781
2024-12-10,596.3900146484375,16.86750602722168,611.1393432617188,18.920000076293945,105.75499725341797
2024-12-11,609.5906372070312,17.074893951416016,618.6343994140625,19.360000610351562,106.37000274658203
2024-12-12,617.4714965820312,16.887256622314453,620.7484130859375,19.360000610351562,106.1050033569336
2024-12-13,606.832275390625,17.005762100219727,614.0220336914062,19.549999237060547,105.59500122070312
2024-12-16,614.5161743164062,16.90700912475586,606.5269775390625,19.829999923706055,105.79000091552734
2024-12-17,603.6798706054688,16.403352737426758,610.7550048828125,19.6200008392334,105.48500061035156
2024-12-18,604.073974609375,16.42310333251953,611.6198120117188,18.920000076293945,105.68499755859375
2024-12-19,610.9697875976562,16.255218505859375,602.9715576171875,19.059999465942383,104.00499725341797
2024-12-20,602.4977416992188,16.17621421813965,603.5481567382812,19.200000762939453,104.23999786376953
2024-12-23,610.378662109375,16.363849639892578,604.6051635742188,19.420000076293945,104.0
2024-12-24,610.378662109375,16.42310333251953,606.142578125,19.420000076293945,104.0
2024-12-27,608.60546875,16.660120010375977,610.7550048828125,19.420000076293945,104.55999755859375
2024-12-30,605.453125,16.748998641967773,604.7012329101562,19.18000030517578,103.58999633789062
2024-12-31,605.453125,16.86750602722168,610.6588745117188,19.18000030517578,103.58999633789062
2025-01-02,595.0108642578125,16.986013412475586,610.5628051757812,19.34000015258789,105.36499786376953
2025-01-03,606.4381713867188,17.400789260864258,587.4048461914062,19.690000534057617,105.16999816894531
2025-01-06,597.3751831054688,17.341533660888672,609.7940063476562,19.8700008392334,105.76000213623047
2025-01-07,607.8173828125,17.60817527770996,619.3070678710938,19.510000228881836,105.00499725341797
2025-01-08,639.1441040039062,17.706932067871094,610.85107421875,19.6200008392334,105.08000183105469
2025-01-09,639.5381469726562,17.84518814086914,622.6702270507812,19.6200008392334,105.18499755859375
2025-01-10,640.3262939453125,17.766185760498047,619.7875366210938,19.450000762939453,104.1449966430664
2025-01-13,635.2036743164062,17.578548431396484,621.1328125,19.309999465942383,104.01499938964844
2025-01-14,645.2518310546875,17.55879783630371,625.552978515625,19.18000030517578,103.82499694824219
2025-01-15,646.6310424804688,17.55879783630371,612.2924194335938,19.56999969482422,105.45999908447266
2025-01-16,675.7904663085938,17.66742706298828,668.3135986328125,19.6299991607666,105.79000091552734
2025-01-17,684.0654907226562,17.83531379699707,663.1245727539062,19.90999984741211,106.70500183105469
2025-01-20,682.09521484375,18.358720779418945,656.398193359375,19.90999984741211,106.21499633789062
2025-01-21,694.9017333984375,18.42784881591797,673.8867797851562,20.059999465942383,106.27999877929688
2025-01-22,707.1171875,18.724117279052734,685.898193359375,20.450000762939453,107.18499755859375
2025-01-23,722.6820678710938,18.684614181518555,692.432373046875,20.520000457763672,107.31999969482422
2025-01-24,720.7117919921875,17.98344612121582,705.4046630859375,20.209999084472656,106.83999633789062
2025-01-27,712.4368286132812,18.151330947875977,725.2955322265625,18.829999923706055,105.1050033569336
2025-01-28,721.3029174804688,18.092079162597656,721.2596435546875,19.549999237060547,106.43499755859375
2025-01-29,731.3511352539062,18.250089645385742,685.3215942382812,19.520000457763672,106.82499694824219
2025-01-30,735.8826293945312,18.19083595275879,687.8200073242188,19.719999313354492,107.12000274658203
2025-01-31,744.1576538085938,18.319215774536133,676.0008544921875,19.799999237060547,108.18000030517578
2025-02-03,752.629638671875,17.578548431396484,663.1245727539062,19.799999237060547,107.20500183105469
2025-02-04,746.9159545898438,16.64036750793457,665.6229858398438,19.860000610351562,107.19499969482422
2025-02-05,737.6558227539062,16.393478393554688,659.1848754882812,20.010000228881836,106.95500183105469
2025-02-06,695.8869018554688,16.324350357055664,669.6588134765625,20.170000076293945,108.13999938964844
2025-02-07,712.6339111328125,15.899698257446289,657.4552612304688,20.170000076293945,107.875
2025-02-10,720.1207275390625,16.2354679107666,658.5122680664062,20.40999984741211,108.55500030517578
2025-02-11,720.5148315429688,16.41322898864746,658.4161376953125,20.18000030517578,108.30000305175781
2025-02-12,717.1654052734375,16.353975296020508,660.9144897460938,20.09000015258789,107.55000305175781
2025-02-13,745.7338256835938,16.581113815307617,679.5562133789062,20.239999771118164,108.1050033569336
2025-02-14,804.8408813476562,16.679868698120117,685.1294555664062,20.079999923706055,107.87000274658203
2025-02-17,917.7352905273438,17.450166702270508,674.0789794921875,20.079999923706055,108.41500091552734
2025-02-18,914.9769897460938,17.993322372436523,677.5382690429688,20.219999313354492,108.4800033569336
2025-02-19,918.9174194335938,18.309343338012695,663.8933715820312,20.149999618530273,108.81500244140625
2025-02-20,876.3603515625,18.5167293548584,668.3135986328125,19.799999237060547,107.73500061035156
2025-02-21,880.8919067382812,18.66486358642578,674.94384765625,19.31999969482422,107.8499984741211
2025-02-24,937.2406616210938,18.684614181518555,665.0464477539062,18.889999389648438,106.68000030517578
2025-02-25,938.6197509765625,18.971006393432617,657.4552612304688,18.440000534057617,105.03500366210938
2025-02-26,955.5637817382812,18.57598114013672,672.9259033203125,18.75,106.38999938964844
2025-02-27,986.1024169921875,20.541223526000977,666.00732421875,18.239999771118164,106.59500122070312
2025-02-28,991.5206298828125,20.699234008789062,667.7369995117188,18.489999771118164,105.5250015258789
2025-03-03,1127.466796875,22.753358840942383,663.7972412109375,17.700000762939453,105.76499938964844
2025-03-04,1105.3016357421875,23.405147552490234,641.3119506835938,17.549999237060547,102.33499908447266
2025-03-05,1184.603515625,24.68897247314453,638.3330688476562,17.479999542236328,100.7750015258789
2025-03-06,1181.1556396484375,25.637027740478516,627.4747924804688,16.600000381469727,100.9749984741211
2025-03-07,1098.40576171875,24.629718780517578,609.8901977539062,16.6200008392334,99.14800262451172
2025-03-10,1102.3463134765625,24.629718780517578,605.6621704101562,15.880000114440918,98.37999725341797
2025-03-11,1136.8253173828125,24.846982955932617,596.5335083007812,15.930000305175781,96.4540023803711
2025-03-12,1246.1734619140625,24.86673355102539,587.88525390625,16.31999969482422,97.43199920654297
2025-03-13,1268.8310546875,24.68897247314453,581.3511352539062,16.020000457763672,96.76399993896484
2025-03-14,1348.6256103515625,25.55802345275879,581.4471435546875,16.520000457763672,97.88200378417969
2025-03-17,1347.6405029296875,25.538272857666016,585.8673706054688,16.520000457763672,98.25199890136719
2025-03-18,1423.987060546875,26.46657943725586,586.1555786132812,16.229999542236328,97.85199737548828
2025-03-19,1359.4619140625,26.66408920288086,586.732177734375,16.559999465942383,98.86799621582031
2025-03-20,1316.1168212890625,26.367822647094727,580.87060546875,16.6200008392334,99.22799682617188
2025-03-21,1285.578125,25.992549896240234,578.9488525390625,16.700000762939453,98.90799713134766
2025-03-24,1299.8623046875,26.348072052001953,572.9911499023438,17.149999618530273,100.68000030517578
2025-03-25,1299.8623046875,26.901103973388672,574.9129638671875,17.190000534057617,100.86499786376953
2025-03-26,1333.3563232421875,27.059114456176758,571.2615356445312,16.639999389648438,100.38500213623047
2025-03-27,1329.908447265625,26.525833129882812,566.0725708007812,16.270000457763672,99.93599700927734
2025-03-28,1290.503662109375,26.269067764282227,564.1507568359375,15.829999923706055,97.81999969482422
2025-03-31,1299.3697509765625,26.3875732421875,549.3527221679688,15.619999885559082,97.1780014038086
2025-04-01,1333.848876953125,27.059114456176758,552.6198120117188,15.8100004196167,98.33599853515625
2025-04-02,1277.6971435546875,26.762847900390625,552.7159423828125,15.920000076293945,98.24400329589844
2025-04-03,1332.86376953125,27.94791603088379,521.6785888671875,14.529999732971191,93.41400146484375
2025-04-04,1257.0096435546875,26.170310974121094,509.2827453613281,14.029999732971191,89.05000305175781
2025-04-07,1225.4859619140625,24.333450317382812,487.75836181640625,14.09000015258789,86.69200134277344
2025-04-08,1295.921875,25.755535125732422,499.4814758300781,13.9399995803833,89.50800323486328
2025-04-09,1287.0557861328125,24.965490341186523,478.9179992675781,15.300000190734863,85.17400360107422
2025-04-10,1358.9693603515625,25.93329620361328,503.7095031738281,14.619999885559082,88.6240005493164
2025-04-11,1340.252197265625,26.032052993774414,503.9017028808594,14.619999885559082,87.8499984741211
2025-04-14,1418.5689697265625,27.07886505126953,509.37884521484375,14.619999885559082,90.26200103759766
2025-04-15,1471.7652587890625,27.49363899230957,469.549072265625,14.779999732971191,91.21399688720703
2025-04-16,1462.4066162109375,27.67140007019043,466.2339782714844,14.289999961853027,90.14600372314453
2025-04-17,1442.211669921875,27.197372436523438,466.6183166503906,14.239999771118164,89.2239990234375
2025-04-22,1404.77734375,27.31587791442871,468.2518615722656,13.970000267028809,88.47799682617188
2025-04-23,1362.9097900390625,27.157869338989258,480.7436828613281,14.699999809265137,91.12000274658203
2025-04-24,1361.9246826171875,27.236875534057617,487.47491455078125,15.220000267028809,91.9520034790039
2025-04-25,1365.865234375,26.60483741760254,486.596923828125,15.550000190734863,92.35800170898438
2025-04-28,1319.564697265625,26.66408920288086,489.7186279296875,15.479999542236328,92.58999633789062
2025-04-29,1431.8680419921875,26.920856475830078,477.3293151855469,15.539999961853027,93.04199981689453
2025-04-30,1476.69091796875,27.67140007019043,475.96356201171875,15.579999923706055,93.36000061035156
2025-05-02,1552.544921875,28.895973205566406,483.7191162109375,16.350000381469727,95.64800262451172
2025-05-05,1602.785888671875,29.251495361328125,480.2071533203125,16.350000381469727,95.78199768066406
2025-05-06,1620.51806640625,28.935474395751953,477.1342468261719,16.219999313354492,95.27999877929688
2025-05-07,1609.1890869140625,29.488508224487305,471.6712341308594,16.280000686645508,94.82599639892578
2025-05-08,1675.6845703125,29.705772399902344,475.3782653808594,16.559999465942383,96.36599731445312
2025-05-09,1668.7886962890625,29.78477668762207,483.62152099609375,16.559999465942383,96.31800079345703
2025-05-12,1570.277099609375,29.2712459564209,517.5214233398438,17.56999969482422,99.48400115966797
2025-05-13,1584.5611572265625,29.23174285888672,523.7648315429688,18.010000228881836,100.08999633789062
2025-05-14,1576.244384765625,29.172489166259766,512.35107421875,18.190000534057617,99.84400177001953
2025-05-15,1665.3536376953125,30.495817184448242,494.8889465332031,18.09000015258789,100.22000122070312
2025-05-16,1705.9478759765625,30.811838150024414,491.5721740722656,18.190000534057617,100.95500183105469
2025-05-19,1735.1558837890625,31.38462257385254,486.4018249511719,17.989999771118164,100.375
2025-05-20,1762.3837890625,32.86595916748047,492.5476989746094,17.969999313354492,100.61000061035156
2025-05-21,1777.2353515625,33.241233825683594,481.5729064941406,17.700000762939453,99.79199981689453
2025-05-22,1752.4827880859375,33.12272644042969,473.23211669921875,17.8700008392334,99.06800079345703
2025-05-23,1765.84912109375,34.24854278564453,467.2813415527344,17.68000030517578,97.94999694824219
2025-05-26,1823.7701416015625,35.23609924316406,471.6224670410156,17.68000030517578,98.89199829101562
2025-05-27,1870.3050537109375,35.78913879394531,470.1103820800781,18.030000686645508,99.6520004272461
2025-05-28,1879.2159423828125,35.631126403808594,471.81756591796875,18.059999465942383,99.73999786376953
2025-05-29,1859.908935546875,35.39411163330078,469.4762878417969,18.0,99.302001953125
2025-05-30,1866.3446044921875,35.78913879394531,466.5496826171875,17.90999984741211,99.30799865722656
2025-06-02,1800.997802734375,36.87544631958008,465.525390625,17.90999984741211,98.87000274658203
2025-06-03,1816.8394775390625,35.769386291503906,462.0134582519531,18.309999465942383,100.06500244140625
2025-06-04,1814.8592529296875,34.327545166015625,464.9888000488281,18.43000030517578,100.08999633789062
2025-06-05,1863.374267578125,35.828636169433594,458.5990905761719,18.34000015258789,100.11499786376953
2025-06-06,1770.3045654296875,34.604061126708984,459.7209167480469,18.540000915527344,100.5
2025-06-09,1756.938232421875,34.78182601928711,460.0135498046875,18.540000915527344,100.48999786376953
2025-06-10,1654.95751953125,33.87327194213867,463.23284912109375,18.59000015258789,100.48999786376953
2025-06-11,1702.9775390625,34.7620735168457,459.08685302734375,18.6299991607666,100.49500274658203
2025-06-12,1730.700439453125,35.25585174560547,457.379638671875,18.510000228881836,99.5979995727539
2025-06-13,1777.7303466796875,35.848388671875,450.1119079589844,18.299999237060547,99.21199798583984
2025-06-16,1742.5816650390625,35.433616638183594,455.9163513183594,18.6299991607666,99.5979995727539
2025-06-17,1711.3934326171875,35.29535675048828,449.4290466308594,18.690000534057617,99.4020004272461
2025-06-18,1723.769775390625,35.848388671875,452.69708251953125,18.81999969482422,99.33599853515625
2025-06-19,1703.9676513671875,33.67575454711914,441.4784240722656,18.81999969482422,98.53600311279297
2025-06-20,1740.1064453125,33.754764556884766,438.9420471191406,18.690000534057617,98.8479995727539
2025-06-23,1722.7796630859375,32.76720428466797,438.7956848144531,18.799999237060547,98.6240005493164
2025-06-24,1669.3140869140625,32.62894821166992,442.4539489746094,19.219999313354492,99.55599975585938
2025-06-25,1720.7994384765625,32.312931060791016,433.9179992675781,19.40999984741211,99.43800354003906
2025-06-26,1846.0474853515625,33.04371643066406,426.84539794921875,19.549999237060547,99.54000091552734
2025-06-27,1733.6707763671875,34.6435661315918,438.30792236328125,19.610000610351562,100.375
2025-06-30,1779.215576171875,36.40142059326172,433.7229309082031,19.770000457763672,100.15499877929688
2025-07-01,1685.6507568359375,35.5521240234375,457.5747375488281,19.239999771118164,99.96600341796875
2025-07-02,1712.383544921875,35.41386413574219,476.5489196777344,19.459999084472656,100.23999786376953
2025-07-03,1681.6903076171875,36.08540344238281,474.01251220703125,19.719999313354492,101.2300033569336
2025-07-04,1737.6312255859375,36.38167190551758,465.67169189453125,19.719999313354492,100.55999755859375
2025-07-07,1785.1561279296875,36.598934173583984,463.72064208984375,19.579999923706055,100.88500213623047
2025-07-08,1811.888916015625,37.08612060546875,470.842041015625,19.690000534057617,100.91500091552734
2025-07-09,1842.0870361328125,39.094539642333984,475.9148254394531,19.850000381469727,101.25
2025-07-10,1827.235595703125,37.60314178466797,492.6452331542969,19.850000381469727,101.9800033569336
2025-07-11,1821.7899169921875,37.881534576416016,475.76849365234375,19.799999237060547,101.33499908447266
2025-07-14,1861.39404296875,38.65706253051758,467.8178405761719,19.850000381469727,101.4749984741211
2025-07-15,1809.90869140625,37.90142059326172,465.67169189453125,20.209999084472656,102.02999877929688
2025-07-16,1799.017578125,37.70256805419922,463.9645080566406,20.299999237060547,100.48500061035156
2025-07-17,1822.780029296875,38.378665924072266,465.1839294433594,20.489999771118164,102.55500030517578
2025-07-18,1817.33447265625,38.61729431152344,461.1842346191406,20.440000534057617,102.20999908447266
2025-07-21,1797.037353515625,38.87580108642578,457.3308410644531,20.399999618530273,102.30999755859375
2025-07-22,1736.64111328125,38.17981719970703,454.1603698730469,19.940000534057617,101.62000274658203
2025-07-23,1759.4134521484375,37.06623840332031,468.2080993652344,20.25,102.51000213623047
2025-07-24,1728.2252197265625,37.722450256347656,458.7453918457031,20.290000915527344,102.7300033569336
2025-07-25,1716.8389892578125,36.74807357788086,476.7440185546875,20.469999313354492,102.94499969482422
2025-07-28,1660.4031982421875,35.83334732055664,477.2318115234375,20.8700008392334,103.82499694824219
2025-07-29,1717.8291015625,35.952659606933594,463.18408203125,21.1200008392334,104.25499725341797
2025-07-30,1715.3538818359375,36.29071044921875,468.988525390625,21.420000076293945,104.74500274658203
2025-07-31,1718.32421875,36.13162612915039,460.7940368652344,21.670000076293945,104.98999786376953
2025-08-01,1690.601318359375,35.61460876464844,450.35577392578125,21.010000228881836,101.82499694824219
2025-08-04,1747.5322265625,35.992431640625,450.9898986816406,21.010000228881836,103.0199966430664
2025-08-05,1751.49267578125,36.330482482910156,445.331787109375,21.399999618530273,102.73999786376953
2025-08-06,1765.84912109375,36.37025451660156,446.50244140625,21.56999969482422,103.04000091552734
2025-08-07,1624.7593994140625,35.197017669677734,449.8192443847656,21.739999771118164,103.2300033569336
2025-08-08,1604.4622802734375,34.42148971557617,450.0631408691406,21.799999237060547,103.55000305175781
2025-08-11,1530.20458984375,34.52091598510742,446.7950744628906,21.790000915527344,104.18499755859375
2025-08-12,1547.5313720703125,34.580570220947266,445.96588134765625,22.06999969482422,104.15499877929688
2025-08-13,1581.19482421875,34.36183547973633,458.111328125,21.860000610351562,104.30999755859375
2025-08-14,1624.7593994140625,34.580570220947266,461.33056640625,21.729999542236328,104.86000061035156
2025-08-15,1604.9573974609375,34.00389862060547,464.4522705078125,21.610000610351562,104.55000305175781
2025-08-18,1631.690185546875,34.640228271484375,464.2084045410156,21.729999542236328,104.7300033569336
2025-08-19,1552.48193359375,33.14883041381836,477.9146423339844,21.079999923706055,104.7300033569336
2025-08-20,1542.0858154296875,33.0096321105957,481.475341796875,20.780000686645508,104.125
2025-08-21,1592.5810546875,33.36756896972656,473.134521484375,20.829999923706055,104.56999969482422
2025-08-22,1606.4425048828125,33.66584777832031,482.9874572753906,20.959999084472656,105.12999725341797
2025-08-25,1633.67041015625,33.80504608154297,476.10992431640625,20.959999084472656,105.04000091552734
2025-08-26,1619.3138427734375,33.82493209838867,474.35394287109375,21.3799991607666,104.80500030517578
2025-08-27,1619.3138427734375,33.924354553222656,489.7186279296875,21.540000915527344,105.67500305175781
2025-08-28,1621.2940673828125,34.24251937866211,500.54705810546875,21.850000381469727,105.34500122070312
2025-08-29,1672.7794189453125,34.282291412353516,491.7672424316406,21.34000015258789,104.58499908447266
2025-09-01,1731.195556640625,34.043670654296875,491.3770751953125,21.34000015258789,104.8499984741211
2025-09-02,1731.6905517578125,33.44710922241211,500.44952392578125,21.170000076293945,103.63500213623047
2025-09-03,1736.64111328125,33.06928634643555,508.0586853027344,21.399999618530273,104.38999938964844
2025-09-04,1707.9281005859375,33.46699523925781,486.88958740234375,21.829999923706055,105.25
2025-09-05,1727.235107421875,32.69146728515625,484.10931396484375,21.940000534057617,104.55000305175781
2025-09-08,1773.27490234375,33.30791091918945,484.0117492675781,22.200000762939453,105.19499969482422
2025-09-09,1761.3936767578125,32.751121520996094,479.9632873535156,22.459999084472656,105.2300033569336
2025-09-10,1819.314697265625,32.592041015625,477.7683410644531,23.200000762939453,105.80000305175781
2025-09-11,1861.88916015625,32.7908935546875,475.42706298828125,23.219999313354492,106.43499755859375
2025-09-12,1877.7308349609375,33.785160064697266,478.64630126953125,23.280000686645508,106.49500274658203
2025-09-15,1930.7012939453125,34.083438873291016,491.8648376464844,23.600000381469727,106.63500213623047
2025-09-16,1882.186279296875,34.18286895751953,495.2792053222656,23.450000762939453,105.73999786376953
2025-09-17,1869.8099365234375,34.18286895751953,498.7911071777344,23.219999313354492,105.66999816894531
2025-09-18,1900.503173828125,34.46126174926758,504.93695068359375,23.799999237060547,106.86000061035156
2025-09-19,1908.9190673828125,36.250938415527344,498.1082458496094,23.899999618530273,106.96499633789062
2025-09-22,1920.80029296875,37.68268585205078,494.5963134765625,24.079999923706055,107.18000030517578
2025-09-23,1893.077392578125,37.642913818359375,510.3999938964844,23.899999618530273,107.29499816894531
2025-09-24,1958.9193115234375,39.392818450927734,496.64495849609375,23.719999313354492,107.1050033569336
2025-09-25,1958.9193115234375,38.83603286743164,494.40118408203125,23.65999984741211,106.95500183105469
2025-09-26,1941.097412109375,38.81614685058594,503.08349609375,23.479999542236328,107.06500244140625
2025-09-29,1968.8203125,38.91557312011719,510.3023986816406,23.729999542236328,107.34500122070312
2025-09-30,1964.85986328125,37.881534576416016,507.76605224609375,23.860000610351562,107.19499969482422
2025-10-01,1931.69140625,37.56336975097656,511.1804504394531,24.190000534057617,108.03500366210938
2025-10-02,1966.3450927734375,39.27350997924805,529.6180419921875,24.6299991607666,108.41999816894531
2025-10-03,1943.07763671875,39.094539642333984,539.5684814453125,24.469999313354492,108.87000274658203
2025-10-06,1870.3050537109375,38.597408294677734,527.17919921875,24.709999084472656,109.23999786376953
2025-10-07,1865.849609375,39.5916748046875,546.2996826171875,24.6200008392334,109.0199966430664
2025-10-08,1914.3646240234375,40.50640106201172,561.4204711914062,25.190000534057617,110.01000213623047
2025-10-09,1885.1566162109375,40.76490783691406,545.5192260742188,25.399999618530273,110.0999984741211
2025-10-10,1863.374267578125,39.830299377441406,532.6421508789062,24.440000534057617,107.91999816894531
2025-10-13,1860.8990478515625,40.228004455566406,527.17919921875,24.440000534057617,108.74500274658203
2025-10-14,1820.3048095703125,40.28765869140625,519.7650756835938,24.40999984741211,108.30999755859375
2025-10-15,1727.7301025390625,41.95802688598633,583.2724609375,24.950000762939453,108.88999938964844
2025-10-16,1756.938232421875,43.03183364868164,587.46728515625,25.049999237060547,108.80000305175781
2025-10-17,1645.0565185546875,41.00353240966797,590.8816528320312,24.829999923706055,107.6050033569336
2025-10-20,1742.086669921875,42.07733917236328,597.125,25.190000534057617,109.5
2025-10-21,1762.8787841796875,43.01194763183594,601.7100830078125,25.1200008392334,109.95500183105469
2025-10-22,1733.17578125,43.747703552246094,607.9535522460938,24.780000686645508,109.3499984741211
2025-10-23,1748.5223388671875,44.4039192199707,605.6121826171875,25.239999771118164,109.78500366210938
2025-10-24,1746.5421142578125,45.736236572265625,597.5152587890625,25.8799991607666,109.78500366210938
2025-10-27,1714.36376953125,49.176395416259766,596.5397338867188,25.8799991607666,111.37000274658203
2025-10-28,1727.7301025390625,48.937774658203125,599.5638427734375,26.700000762939453,111.58000183105469
2025-10-29,1713.8687744140625,49.67353057861328,603.6611328125,27.420000076293945,111.76499938964844
2025-10-30,1688.1259765625,48.91788864135742,595.1739501953125,27.0,111.90499877929688
2025-10-31,1684.66064453125,47.68499755859375,597.125,27.31999969482422,111.83499908447266
2025-11-03,1755.9481201171875,50.26014709472656,601.7100830078125,27.530000686645508,111.97000122070312
2025-11-04,1711.8885498046875,50.6081428527832,596.2470703125,26.709999084472656,111.54000091552734
2025-11-05,1690.106201171875,49.176395416259766,597.807861328125,27.09000015258789,111.73500061035156
2025-11-06,1691.0963134765625,47.74465560913086,585.321044921875,26.68000030517578,110.06999969482422
2025-11-07,1731.6905517578125,48.40087127685547,588.4428100585938,26.350000381469727,108.69999694824219
2025-11-10,1769.314453125,48.46052932739258,602.783203125,27.229999542236328,110.91500091552734
2025-11-11,1714.36376953125,47.9832763671875,617.4161987304688,27.229999542236328,111.3499984741211
2025-11-12,1727.7301025390625,47.70488357543945,631.3663940429688,26.690000534057617,111.95500183105469
2025-11-13,1733.17578125,49.76301574707031,621.220703125,25.530000686645508,110.4000015258789
2025-11-14,1709.9083251953125,50.21043395996094,621.4158935546875,25.510000228881836,110.25
2025-11-17,1705.9478759765625,49.81272506713867,608.73388671875,25.510000228881836,109.7750015258789
2025-11-18,1699.0172119140625,48.878116607666016,596.3446044921875,24.920000076293945,108.29499816894531
2025-11-19,1580.204833984375,47.227638244628906,594.6862182617188,25.270000457763672,108.55000305175781
2025-11-20,1620.799072265625,47.06855392456055,604.4415283203125,24.6200008392334,109.23999786376953
2025-11-21,1504.4619140625,44.80162811279297,607.7583618164062,24.469999313354492,108.2699966430664
2025-11-24,1428.718994140625,44.224952697753906,606.490234375,25.450000762939453,109.56500244140625
2025-11-25,1453.4715576171875,44.026100158691406,604.14892578125,25.510000228881836,109.79499816894531
2025-11-26,1480.699462890625,45.537384033203125,610.0996704101562,25.860000610351562,111.11499786376953
2025-11-27,1499.016357421875,46.43222427368164,612.0507202148438,25.860000610351562,111.0
2025-11-28,1465.847900390625,45.736236572265625,619.9525756835938,26.1299991607666,111.46499633789062
2025-12-01,1433.6695556640625,44.4039192199707,626.9763793945312,25.700000762939453,111.01000213623047
2025-12-02,1475.2537841796875,45.27887725830078,625.9924926757812,25.90999984741211,111.08499908447266
2025-12-03,1503.966796875,46.92935562133789,620.1871337890625,25.760000228881836,111.03500366210938
2025-12-04,1524.759033203125,46.949241638183594,622.9421997070312,25.959999084472656,111.33999633789062
2025-12-05,1514.3629150390625,47.06855392456055,618.0223999023438,26.270000457763672,111.72000122070312
2025-12-08,1569.3135986328125,48.380985260009766,615.1690063476562,26.6200008392334,111.5250015258789
2025-12-09,1625.2545166015625,49.31559371948242,606.4117431640625,26.6200008392334,111.65499877929688
2025-12-10,1594.0662841796875,49.136627197265625,608.8716430664062,26.950000762939453,111.38999938964844
2025-12-11,1586.6405029296875,49.096858978271484,615.1690063476562,26.6200008392334,110.9800033569336
2025-12-12,1600.0068359375,48.30144500732422,614.480224609375,25.459999084472656,110.30999755859375
2025-12-15,1557.927490234375,48.61960983276367,616.0545043945312,25.139999389648438,110.44999694824219
2025-12-16,1487.1351318359375,45.99474334716797,626.2876586914062,24.93000030517578,109.73500061035156
2025-12-17,1511.8876953125,45.49761199951172,621.564697265625,24.329999923706055,109.26499938964844
2025-12-18,1534.6600341796875,47.50603103637695,627.1732788085938,24.8700008392334,110.4749984741211
2025-12-19,1544.0660400390625,48.082706451416016,621.564697265625,24.8700008392334,110.95500183105469
2025-12-22,1529.70947265625,47.94350814819336,617.62890625,25.889999389648438,111.16500091552734
2025-12-23,1525.7491455078125,47.724769592285156,617.2352905273438,26.010000228881836,111.41500091552734
2025-12-24,1525.7491455078125,47.227638244628906,621.958251953125,26.010000228881836,111.41500091552734
2025-12-29,1510.8975830078125,47.10832595825195,623.0406494140625,26.010000228881836,111.56999969482422
2025-12-30,1545.5511474609375,48.34121322631836,629.042724609375,25.940000534057617,111.7750015258789
2025-12-31,1545.5511474609375,48.26167297363281,634.6513061523438,25.940000534057617,111.7750015258789
2026-01-02,1586.1453857421875,49.31559371948242,631.5026245117188,26.43000030517578,111.31999969482422
2026-01-05,1734.660888671875,54.08807373046875,632.486572265625,26.68000030517578,112.74500274658203
2026-01-06,1723.274658203125,53.54122543334961,634.0609741210938,27.299999237060547,113.11499786376953
2026-01-07,1806.9384765625,57.26972198486328,619.2031860351562,27.15999984741211,113.4749984741211
2026-01-08,1832.68115234375,56.822303771972656,624.3197631835938,26.520000457763672,113.25499725341797
2026-01-09,1881.1961669921875,58.26398849487305,641.6373291015625,27.06999969482422,114.19000244140625
2026-01-12,1871.295166015625,58.56227111816406,637.8983154296875,27.34000015258789,114.16999816894531
2026-01-13,1885.1566162109375,57.61771774291992,636.2255859375,27.760000228881836,114.34500122070312
2026-01-14,1880.2060546875,57.120582580566406,627.6652221679688,27.459999084472656,113.58999633789062
2026-01-15,1894.5625,57.518287658691406,615.6609497070312,27.940000534057617,114.94999694824219
2026-01-16,1883.1763916015625,57.91599655151367,599.4257202148438,28.25,114.79499816894531
2026-01-19,1900.998291015625,56.67316436767578,573.4492797851562,28.25,113.125
2026-01-20,1890.1070556640625,55.13205337524414,560.8546142578125,27.6200008392334,112.18499755859375
2026-01-21,1835.1563720703125,53.54122543334961,575.810791015625,28.100000381469727,112.24500274658203
2026-01-22,1772.7799072265625,54.1875,586.142333984375,28.239999771118164,113.00499725341797
2026-01-23,1811.888916015625,54.83377456665039,581.9113159179688,28.100000381469727,112.81500244140625
2026-01-26,1773.27490234375,54.436065673828125,578.5658569335938,27.829999923706055,112.38500213623047
2026-01-27,1831.6910400390625,54.3863525390625,579.844970703125,28.440000534057617,112.23500061035156
2026-01-28,1826.740478515625,53.988643646240234,534.091064453125,28.93000030517578,112.32499694824219
2026-01-29,1777.7303466796875,54.1875,533.697509765625,28.850000381469727,111.41999816894531
2026-01-30,1763.868896484375,54.286922454833984,538.1253051757812,28.280000686645508,112.27999877929688
2026-02-02,1711.8885498046875,53.88922119140625,529.6632080078125,28.280000686645508,113.44000244140625
2026-02-03,1743.0767822265625,49.335479736328125,520.512451171875,28.8799991607666,112.96499633789062
2026-02-04,1662.87841796875,46.53165054321289,527.49853515625,27.790000915527344,112.69999694824219
2026-02-05,1555.4521484375,47.6054573059082,529.5648803710938,27.510000228881836,111.56500244140625
2026-02-06,1588.62060546875,48.838348388671875,527.596923828125,28.3799991607666,112.67500305175781
2026-02-09,1632.6802978515625,50.4092903137207,526.809814453125,28.84000015258789,113.22000122070312
2026-02-10,1612.878173828125,49.49456024169922,529.0728759765625,28.579999923706055,113.46499633789062
2026-02-11,1576.244384765625,51.70183563232422,516.6749877929688,29.1200008392334,113.40499877929688
2026-02-12,1563.8680419921875,50.80699157714844,516.0846557617188,28.729999542236328,112.38999938964844
2026-02-13,1593.076171875,50.80699157714844,505.9499206542969,28.799999237060547,112.25499725341797
2026-02-16,1603.96728515625,52.546958923339844,509.984130859375,28.799999237060547,112.0
2026-02-17,1595.5513916015625,51.25441360473633,519.2333374023438,28.90999984741211,112.33499908447266
2026-02-18,1677.23486328125,53.093807220458984,525.3338623046875,29.190000534057617,113.54499816894531
2026-02-19,1726.2449951171875,53.24294662475586,522.9723510742188,29.450000762939453,113.3499984741211
2026-02-20,1722.7796630859375,53.74007797241211,545.8001098632812,29.639999389648438,113.76000213623047
2026-02-23,1684.66064453125,52.04982376098633,549.0471801757812,29.530000686645508,112.92500305175781
2026-02-24,1707.43310546875,50.55842590332031,552.7861938476562,30.030000686645508,113.42500305175781
2026-02-25,1665.3536376953125,51.45326614379883,544.1273803710938,30.6200008392334,114.2699966430664
2026-02-26,1657.432861328125,62.390193939208984,542.7498168945312,30.1200008392334,114.03500366210938
2026-02-27,1647.0367431640625,62.390193939208984,535.3701782226562,29.799999237060547,113.53500366210938
2026-03-02,1611.39306640625,62.14162826538086,512.1488647460938,30.290000915527344,113.95500183105469
2026-03-03,1564.3631591796875,60.94850540161133,494.1424560546875,29.219999313354492,112.61499786376953
2026-03-04,1622.2841796875,64.13015747070312,499.2590026855469,29.020000457763672,113.8499984741211
2026-03-05,1531.689697265625,61.49535369873047,497.6846923828125,29.139999389648438,113.30500030517578
2026-03-06,1576.7393798828125,59.60625076293945,494.1424560546875,28.239999771118164,113.30500030517578
2026-03-09,1608.917724609375,59.65596008300781,489.71466064453125,28.530000686645508,111.51499938964844
2026-03-10,1636.640625,60.5010871887207,496.4055480957031,29.09000015258789,113.03500366210938
2026-03-11,1505.4520263671875,60.6999397277832,492.2729187011719,29.639999389648438,112.63500213623047
2026-03-12,1535.155029296875,59.60625076293945,487.0579833984375,29.110000610351562,112.02999877929688
2026-03-13,1576.7393798828125,58.66169738769531,466.0997314453125,29.149999618530273,111.87000274658203
2026-03-16,1608.4227294921875,59.25825500488281,471.314697265625,29.3700008392334,112.18499755859375
2026-03-17,1618.81884765625,56.77259063720703,464.6729736328125,29.3700008392334,112.44000244140625
2026-03-18,1589.6107177734375,56.67316436767578,461.0323486328125,29.920000076293945,111.72000122070312
2026-03-19,1534.6600341796875,49.71330261230469,452.8655090332031,30.09000015258789,109.8550033569336
2026-03-20,1488.1251220703125,49.86244201660156,450.6024475097656,29.139999389648438,108.7249984741211
2026-03-23,1468.3231201171875,48.40087127685547,459.1136474609375,29.049999237060547,109.15499877929688
2026-03-24,1456.9368896484375,46.37256622314453,453.35748291015625,29.440000534057617,109.12000274658203
2026-03-25,1471.7884521484375,47.74465560913086,454.93182373046875,29.959999084472656,110.18499755859375
2026-03-26,1421.7882080078125,46.8100471496582,450.9468078613281,28.610000610351562,109.0199966430664
2026-03-27,1365.847412109375,44.74197006225586,448.4377136230469,28.40999984741211,107.4749984741211
2026-03-30,1395.550537109375,45.080020904541016,456.2109680175781,27.459999084472656,108.20500183105469
2026-03-31,1430.2041015625,46.9691276550293,455.6697998046875,28.079999923706055,108.05500030517578
2026-04-01,1565.8482666015625,48.440643310546875,463.54144287109375,29.100000381469727,110.3550033569336
2026-04-02,1554.9571533203125,49.05708694458008,463.4922180175781,29.309999465942383,110.37999725341797
2026-04-07,1515.8480224609375,48.689208984375,459.359619140625,29.90999984741211,109.7249984741211
2026-04-08,1562.3829345703125,52.65633010864258,490.8462219238281,31.65999984741211,112.48999786376953
2026-04-09,1534.8580322265625,51.940460205078125,476.1852722167969,32.0,112.68499755859375
2026-04-10,1449.313232421875,50.17066192626953,475.5456848144531,32.560001373291016,112.94999694824219
2026-04-13,1480.6004638671875,49.991695404052734,474.02056884765625,32.970001220703125,112.94499969482422
2026-04-14,1471.887451171875,51.781375885009766,473.72540283203125,33.56999969482422,114.19999694824219
2026-04-15,1500.204345703125,52.99437713623047,474.16815185546875,33.7599983215332,114.63500213623047
2026-04-16,1482.382568359375,53.551170349121094,476.2836608886719,34.33000183105469,115.31999969482422
2026-04-17,1480.40234375,54.644859313964844,491.3873596191406,34.689998626708984,116.69999694824219
2026-04-20,1461.1944580078125,54.48577880859375,482.6793518066406,34.84000015258789,116.19999694824219
2026-04-21,1416.8377685546875,53.71025085449219,478.2023620605469,35.119998931884766,116.04499816894531
2026-04-22,1408.718994140625,53.690364837646484,466.6900939941406,35.939998626708984,116.56500244140625
2026-04-23,1393.0753173828125,51.86091613769531,467.5756530761719,35.75,116.95999908447266
2026-04-24,1306.1441650390625,47.4066047668457,464.0826110839844,36.900001525878906,116.7249984741211
2026-04-27,1332.48095703125,49.792842864990234,459.95001220703125,37.0,116.62999725341797
2026-04-28,1329.9066162109375,50.11100769042969,454.75,36.119998931884766,116.25
2026-04-29,1324.7581787109375,48.8681755065918,448.45001220703125,36.529998779296875,116.33999633789062
2026-04-30,1342.382080078125,48.53012466430664,451.3999938964844,36.959999084472656,117.03500366210938
2026-05-04,1374.4613037109375,49.65364456176758,444.95001220703125,36.959999084472656,117.4000015258789
2026-05-05,1421.1942138671875,52.03988265991211,450.95001220703125,38.54999923706055,118.23999786376953
2026-05-06,1427.332763671875,53.41197204589844,474.0,39.77000045776367,119.56999969482422
2026-05-07,1328.322509765625,51.08538818359375,478.29998779296875,39.689998626708984,119.59500122070312
2026-05-08,1206.341796875,50.21043395996094,472.70001220703125,40.63999938964844,119.54499816894531
2026-05-11,1173.8663330078125,51.0058479309082,452.0,41.52000045776367,119.93000030517578
2026-05-12,1150.5,50.80699157714844,453.04998779296875,41.060001373291016,119.15499877929688
2026-05-13,1121.5999755859375,49.61387634277344,452.29998779296875,42.040000915527344,120.42500305175781
2026-05-14,1143.199951171875,50.42917251586914,460.8500061035156,42.34000015258789,122.0
2026-05-15,1120.0,49.3056526184082,455.6000061035156,41.060001373291016,121.05999755859375
2026-05-18,1172.0,50.27009201049805,456.25,40.18000030517578,120.41000366210938
2026-05-19,1207.0,50.449058532714844,462.0,39.70000076293945,120.29000091552734
2026-05-20,1233.5999755859375,51.721717834472656,473.79998779296875,40.33000183105469,121.3550033569336
2026-05-21,1209.4000244140625,51.224586486816406,473.54998779296875,41.47999954223633,121.5199966430664
2026-05-22,1227.199951171875,52.377933502197266,472.6000061035156,41.939998626708984,122.8499984741211
2026-05-25,1243.5999755859375,53.86933517456055,477.8999938964844,41.939998626708984,123.5
2026-05-26,1237.199951171875,53.80967712402344,469.20001220703125,43.349998474121094,123.11499786376953
2026-05-27,1232.800048828125,52.69609832763672,483.95001220703125,43.2599983215332,122.81500244140625
2026-05-28,1284.0,55.480045318603516,480.95001220703125,43.380001068115234,123.17500305175781
2026-05-29,1293.4000244140625,56.55385208129883,473.04998779296875,43.95000076293945,123.41999816894531
2026-06-01,1207.0,55.55958557128906,469.79998779296875,43.95000076293945,123.7699966430664
2026-06-02,1190.0,53.65059280395508,475.0,45.369998931884766,124.30000305175781
2026-06-03,1200.4000244140625,53.31254196166992,460.8500061035156,45.58000183105469,123.88999938964844
2026-06-04,1190.199951171875,54.08807373046875,474.1000061035156,44.439998626708984,123.91000366210938
2026-06-05,1209.800048828125,55.122108459472656,479.04998779296875,42.29999923706055,123.33499908447266
2026-06-08,1199.800048828125,56.57373809814453,482.45001220703125,42.34000015258789,122.62000274658203
2026-06-09,1207.199951171875,54.1875,492.29998779296875,42.22999954223633,120.92500305175781
2026-06-10,1197.199951171875,53.65059280395508,487.6499938964844,40.869998931884766,120.69000244140625
2026-06-11,1220.0,54.62497329711914,493.20001220703125,42.40999984741211,120.88500213623047
2026-06-12,1205.5999755859375,55.71866989135742,510.6000061035156,43.08000183105469,122.9000015258789
2026-06-15,1150.199951171875,54.585205078125,512.5999755859375,44.970001220703125,124.2699966430664
2026-06-16,1145.5999755859375,55.10222244262695,520.2999877929688,44.150001525878906,124.12000274658203
2026-06-17,1170.199951171875,56.25557327270508,511.0,44.290000915527344,124.20999908447266
2026-06-18,1178.5999755859375,53.43185806274414,505.1000061035156,46.09000015258789,124.63999938964844
2026-06-19,1202.5999755859375,54.74428939819336,499.25,46.09000015258789,124.80500030517578
2026-06-22,1189.4000244140625,53.292659759521484,481.3500061035156,46.86000061035156,125.05999755859375
2026-06-23,1166.5999755859375,53.07392120361328,483.70001220703125,44.66999816894531,123.9800033569336
2026-06-24,949.0,50.80699157714844,493.0,44.5,124.79000091552734
2026-06-25,949.0,47.11826705932617,494.3999938964844,45.4900016784668,124.09500122070312
2026-06-26,946.5999755859375,46.65095901489258,495.75,43.439998626708984,123.75
2026-06-29,970.9000244140625,47.824195861816406,492.29998779296875,44.36000061035156,123.88500213623047
2026-06-30,990.5,47.645225524902344,484.1000061035156,45.65999984741211,125.03500366210938
2026-07-01,1050.5999755859375,49.25593948364258,481.0,44.45000076293945,125.87999725341797
2026-07-02,1115.0,51.4035530090332,497.95001220703125,42.41999816894531,125.30000305175781
2026-07-03,1093.4000244140625,51.145042419433594,495.70001220703125,42.41999816894531,125.76000213623047
2026-07-06,1130.0,52.02000045776367,491.3999938964844,42.95000076293945,126.3499984741211
2026-07-07,1111.5999755859375,51.380001068115234,495.79998779296875,41.2400016784668,125.4000015258789
2026-07-08,1058.800048828125,50.599998474121094,484.8999938964844,41.59000015258789,124.5
2026-07-09,1013.2000122070312,49.599998474121094,492.95001220703125,42.310001373291016,125.70999908447266
2026-07-10,992.0,47.45000076293945,489.8999938964844,42.459999084472656,126.1449966430664
2026-07-13,979.2000122070312,47.119998931884766,491.5,41.02000045776367,126.30000305175781
2026-07-14,979.9000244140625,48.869998931884766,482.95001220703125,41.54999923706055,126.05999755859375
2026-07-15,976.0999755859375,49.220001220703125,495.79998779296875,41.31999969482422,126.30000305175781
2026-07-16,963.9000244140625,48.65999984741211,503.1000061035156,39.61000061035156,126.25499725341797
2026-07-17,984.2000122070312,48.9900016784668,495.1000061035156,38.72999954223633,124.87999725341797
2026-07-20,990.2999877929688,49.75,486.8500061035156,38.880001068115234,125.23999786376953
2026-07-21,995.4000244140625,50.68000030517578,478.54998779296875,40.689998626708984,125.7300033569336
2026-07-22,1007.7999877929688,51.099998474121094,474.0,40.61000061035156,126.0
2026-07-23,1017.0,54.720001220703125,453.54998779296875,40.70000076293945,124.44999694824219
2026-07-24,1037.5999755859375,53.36000061035156,461.70001220703125,39.06999969482422,125.30999755859375
2026-07-27,1050.5999755859375,56.060001373291016,466.79998779296875,38.400001525878906,124.70999908447266
2026-07-28,1086.800048828125,57.36000061035156,470.29998779296875,36.61000061035156,125.20500183105469
2026-07-29,1153.4000244140625,55.959999084472656,467.95001220703125,35.16999816894531,124.3550033569336
2026-07-30,1139.5999755859375,56.18000030517578,473.29998779296875,36.58000183105469,123.65499877929688
2026-07-31,1139.5999755859375,56.18000030517578,473.29998779296875,37.83000183105469,124.29000091552734
2026-08-03,1175.0,58.58000183105469,486.8999938964844,37.83000183105469,126.17500305175781
2026-08-04,1200.800048828125,59.599998474121094,485.0,39.959999084472656,127.79000091552734
2026-08-05,1200.5999755859375,61.41999816894531,479.70001220703125,39.959999084472656,128.24000549316406
